Run,Assay Type,AvgSpotLen,Bases,BioProject,BioSample,Bytes,Center Name,Collection_Date,Consent,DATASTORE filetype,DATASTORE provider,DATASTORE region,ENA-FIRST-PUBLIC (run),ENA_first_public,ENA-LAST-UPDATE (run),ENA_last_update,ENA-STATUS-ID (run),environment_(biome),environment_(feature),environment_(material),Experiment,external_id,geo_loc_name_country,geo_loc_name_country_continent,geographic_location_(country_and/or_sea),geographic_location_(latitude),geographic_location_(longitude),human_gut_environmental_package,INSDC_center_alias,INSDC_center_name,INSDC_first_public,INSDC_last_update,INSDC_status,Instrument,investigation_type,Library Name,LibraryLayout,LibrarySelection,LibrarySource,Organism,Platform,project_name,ReleaseDate,Sample Name,sample_name,Sequencing_method,SRA Study,Submitter_Id,create_date,version
ERR2215195,AMPLICON,500,43533500,PRJEB23820,SAMEA104420404,19652299,"MICROBIAL ECOLOGY OF HEALTH UNIT, UNIVERSITY OF BO",2016,public,"fastq,run.zq,sra","ena,gs,ncbi,s3","ena,gs.us-east1,ncbi.public,s3.us-east-1",2017-12-07,2017-12-07,2018-11-16,2017-12-07,4,organic feature,anthropogenic environmental material,human-gut,ERX2269780,SAMEA104420404,Italy,Europe,Italy,44.490457,11.362662,human-gut,"Microbial Ecology of Health UNIT\, University of Bologna","Microbial Ecology of Health UNIT\, University of Bologna",2017-12-07T17:07:47Z,2017-12-07T11:39:15Z,public,Illumina HiSeq 3000,metagenome,unspecified,PAIRED,PCR,METAGENOMIC,metagenomes,ILLUMINA,Early signature of aGvHD development in the gut microbiota composition of pediatric patients given allogeneic hematopoietic cell transplantation for hematological disorders,2017-12-08T00:00:00Z,SAMEA104420404,b10p14,Illumina,ERP105598,b10p14,2017-12-13T02:39:00Z,2
ERR2215196,AMPLICON,500,30341000,PRJEB23820,SAMEA104420405,13805924,"MICROBIAL ECOLOGY OF HEALTH UNIT, UNIVERSITY OF BO",2016,public,"fastq,run.zq,sra","ena,gs,ncbi,s3","ena,gs.us-east1,ncbi.public,s3.us-east-1",2017-12-07,2017-12-07,2018-11-16,2017-12-07,4,organic feature,anthropogenic environmental material,human-gut,ERX2269781,SAMEA104420405,Italy,Europe,Italy,44.490457,11.362662,human-gut,"Microbial Ecology of Health UNIT\, University of Bologna","Microbial Ecology of Health UNIT\, University of Bologna",2017-12-07T17:07:47Z,2017-12-07T11:39:15Z,public,Illumina HiSeq 3000,metagenome,unspecified,PAIRED,PCR,METAGENOMIC,metagenomes,ILLUMINA,Early signature of aGvHD development in the gut microbiota composition of pediatric patients given allogeneic hematopoietic cell transplantation for hematological disorders,2017-12-08T00:00:00Z,SAMEA104420405,b10p26,Illumina,ERP105598,b10p26,2017-12-13T02:39:00Z,2
ERR2215197,AMPLICON,500,77275000,PRJEB23820,SAMEA104420406,36494481,"MICROBIAL ECOLOGY OF HEALTH UNIT, UNIVERSITY OF BO",2016,public,"fastq,run.zq,sra","ena,gs,ncbi,s3","ena,gs.us-east1,ncbi.public,s3.us-east-1",2017-12-07,2017-12-07,2018-11-16,2017-12-07,4,organic feature,anthropogenic environmental material,human-gut,ERX2269782,SAMEA104420406,Italy,Europe,Italy,44.490457,11.362662,human-gut,"Microbial Ecology of Health UNIT\, University of Bologna","Microbial Ecology of Health UNIT\, University of Bologna",2017-12-07T17:07:47Z,2017-12-07T11:39:15Z,public,Illumina HiSeq 3000,metagenome,unspecified,PAIRED,PCR,METAGENOMIC,metagenomes,ILLUMINA,Early signature of aGvHD development in the gut microbiota composition of pediatric patients given allogeneic hematopoietic cell transplantation for hematological disorders,2017-12-08T00:00:00Z,SAMEA104420406,b10p34,Illumina,ERP105598,b10p34,2017-12-13T02:39:00Z,2
ERR2215198,AMPLICON,500,36879000,PRJEB23820,SAMEA104420407,16610052,"MICROBIAL ECOLOGY OF HEALTH UNIT, UNIVERSITY OF BO",2016,public,"fastq,run.zq,sra","ena,gs,ncbi,s3","ena,gs.us-east1,ncbi.public,s3.us-east-1",2017-12-07,2017-12-07,2018-11-16,2017-12-07,4,organic feature,anthropogenic environmental material,human-gut,ERX2269783,SAMEA104420407,Italy,Europe,Italy,44.490457,11.362662,human-gut,"Microbial Ecology of Health UNIT\, University of Bologna","Microbial Ecology of Health UNIT\, University of Bologna",2017-12-07T17:07:47Z,2017-12-07T11:39:15Z,public,Illumina HiSeq 3000,metagenome,unspecified,PAIRED,PCR,METAGENOMIC,metagenomes,ILLUMINA,Early signature of aGvHD development in the gut microbiota composition of pediatric patients given allogeneic hematopoietic cell transplantation for hematological disorders,2017-12-08T00:00:00Z,SAMEA104420407,b10pre,Illumina,ERP105598,b10pre,2017-12-13T02:39:00Z,2
ERR2215199,AMPLICON,500,26939000,PRJEB23820,SAMEA104420408,12201092,"MICROBIAL ECOLOGY OF HEALTH UNIT, UNIVERSITY OF BO",2015,public,"fastq,run.zq,sra","ena,gs,ncbi,s3","ena,gs.us-east1,ncbi.public,s3.us-east-1",2017-12-07,2017-12-07,2018-11-16,2017-12-07,4,organic feature,anthropogenic environmental material,human-gut,ERX2269784,SAMEA104420408,Italy,Europe,Italy,44.490457,11.362662,human-gut,"Microbial Ecology of Health UNIT\, University of Bologna","Microbial Ecology of Health UNIT\, University of Bologna",2017-12-07T17:07:47Z,2017-12-07T11:39:15Z,public,Illumina HiSeq 3000,metagenome,unspecified,PAIRED,PCR,METAGENOMIC,metagenomes,ILLUMINA,Early signature of aGvHD development in the gut microbiota composition of pediatric patients given allogeneic hematopoietic cell transplantation for hematological disorders,2017-12-08T00:00:00Z,SAMEA104420408,b1p23,Illumina,ERP105598,b1p23,2017-12-13T02:40:00Z,2
ERR2215200,AMPLICON,500,99355500,PRJEB23820,SAMEA104420409,47907382,"MICROBIAL ECOLOGY OF HEALTH UNIT, UNIVERSITY OF BO",2015,public,"fastq,run.zq,sra","ena,gs,ncbi,s3","ena,gs.us-east1,ncbi.public,s3.us-east-1",2017-12-07,2017-12-07,2018-11-16,2017-12-07,4,organic feature,anthropogenic environmental material,human-gut,ERX2269785,SAMEA104420409,Italy,Europe,Italy,44.490457,11.362662,human-gut,"Microbial Ecology of Health UNIT\, University of Bologna","Microbial Ecology of Health UNIT\, University of Bologna",2017-12-07T17:07:47Z,2017-12-07T11:39:15Z,public,Illumina HiSeq 3000,metagenome,unspecified,PAIRED,PCR,METAGENOMIC,metagenomes,ILLUMINA,Early signature of aGvHD development in the gut microbiota composition of pediatric patients given allogeneic hematopoietic cell transplantation for hematological disorders,2017-12-08T00:00:00Z,SAMEA104420409,b1p34,Illumina,ERP105598,b1p34,2017-12-13T02:40:00Z,2
ERR2215201,AMPLICON,500,33625000,PRJEB23820,SAMEA104420410,14935484,"MICROBIAL ECOLOGY OF HEALTH UNIT, UNIVERSITY OF BO",2015,public,"fastq,run.zq,sra","ena,gs,ncbi,s3","ena,gs.us-east1,ncbi.public,s3.us-east-1",2017-12-07,2017-12-07,2018-11-16,2017-12-07,4,organic feature,anthropogenic environmental material,human-gut,ERX2269786,SAMEA104420410,Italy,Europe,Italy,44.490457,11.362662,human-gut,"Microbial Ecology of Health UNIT\, University of Bologna","Microbial Ecology of Health UNIT\, University of Bologna",2017-12-07T17:07:47Z,2017-12-07T11:39:15Z,public,Illumina HiSeq 3000,metagenome,unspecified,PAIRED,PCR,METAGENOMIC,metagenomes,ILLUMINA,Early signature of aGvHD development in the gut microbiota composition of pediatric patients given allogeneic hematopoietic cell transplantation for hematological disorders,2017-12-08T00:00:00Z,SAMEA104420410,b1pre,Illumina,ERP105598,b1pre,2017-12-13T02:40:00Z,2
ERR2215202,AMPLICON,500,45052500,PRJEB23820,SAMEA104420411,21777177,"MICROBIAL ECOLOGY OF HEALTH UNIT, UNIVERSITY OF BO",2015,public,"fastq,run.zq,sra","ena,gs,ncbi,s3","ena,gs.us-east1,ncbi.public,s3.us-east-1",2017-12-07,2017-12-07,2018-11-16,2017-12-07,4,organic feature,anthropogenic environmental material,human-gut,ERX2269787,SAMEA104420411,Italy,Europe,Italy,44.490457,11.362662,human-gut,"Microbial Ecology of Health UNIT\, University of Bologna","Microbial Ecology of Health UNIT\, University of Bologna",2017-12-07T17:07:47Z,2017-12-07T11:39:15Z,public,Illumina HiSeq 3000,metagenome,unspecified,PAIRED,PCR,METAGENOMIC,metagenomes,ILLUMINA,Early signature of aGvHD development in the gut microbiota composition of pediatric patients given allogeneic hematopoietic cell transplantation for hematological disorders,2017-12-08T00:00:00Z,SAMEA104420411,b2p22,Illumina,ERP105598,b2p22,2017-12-13T02:40:00Z,2
ERR2215203,AMPLICON,500,116801500,PRJEB23820,SAMEA104420412,56270119,"MICROBIAL ECOLOGY OF HEALTH UNIT, UNIVERSITY OF BO",2015,public,"fastq,run.zq,sra","ena,gs,ncbi,s3","ena,gs.us-east1,ncbi.public,s3.us-east-1",2017-12-07,2017-12-07,2018-11-16,2017-12-07,4,organic feature,anthropogenic environmental material,human-gut,ERX2269788,SAMEA104420412,Italy,Europe,Italy,44.490457,11.362662,human-gut,"Microbial Ecology of Health UNIT\, University of Bologna","Microbial Ecology of Health UNIT\, University of Bologna",2017-12-07T17:07:47Z,2017-12-07T11:39:15Z,public,Illumina HiSeq 3000,metagenome,unspecified,PAIRED,PCR,METAGENOMIC,metagenomes,ILLUMINA,Early signature of aGvHD development in the gut microbiota composition of pediatric patients given allogeneic hematopoietic cell transplantation for hematological disorders,2017-12-08T00:00:00Z,SAMEA104420412,b2p34,Illumina,ERP105598,b2p34,2017-12-13T02:40:00Z,2
ERR2215204,AMPLICON,500,44419000,PRJEB23820,SAMEA104420413,21236425,"MICROBIAL ECOLOGY OF HEALTH UNIT, UNIVERSITY OF BO",2015,public,"fastq,run.zq,sra","ena,gs,ncbi,s3","ena,gs.us-east1,ncbi.public,s3.us-east-1",2017-12-07,2017-12-07,2018-11-16,2017-12-07,4,organic feature,anthropogenic environmental material,human-gut,ERX2269789,SAMEA104420413,Italy,Europe,Italy,44.490457,11.362662,human-gut,"Microbial Ecology of Health UNIT\, University of Bologna","Microbial Ecology of Health UNIT\, University of Bologna",2017-12-07T17:07:47Z,2017-12-07T11:39:15Z,public,Illumina HiSeq 3000,metagenome,unspecified,PAIRED,PCR,METAGENOMIC,metagenomes,ILLUMINA,Early signature of aGvHD development in the gut microbiota composition of pediatric patients given allogeneic hematopoietic cell transplantation for hematological disorders,2017-12-08T00:00:00Z,SAMEA104420413,b2pre,Illumina,ERP105598,b2pre,2017-12-13T02:40:00Z,2
ERR2215205,AMPLICON,500,30792000,PRJEB23820,SAMEA104420414,13918337,"MICROBIAL ECOLOGY OF HEALTH UNIT, UNIVERSITY OF BO",2015,public,"fastq,run.zq,sra","ena,gs,ncbi,s3","ena,gs.us-east1,ncbi.public,s3.us-east-1",2017-12-07,2017-12-07,2018-11-16,2017-12-07,4,organic feature,anthropogenic environmental material,human-gut,ERX2269790,SAMEA104420414,Italy,Europe,Italy,44.490457,11.362662,human-gut,"Microbial Ecology of Health UNIT\, University of Bologna","Microbial Ecology of Health UNIT\, University of Bologna",2017-12-07T17:07:47Z,2017-12-07T11:39:15Z,public,Illumina HiSeq 3000,metagenome,unspecified,PAIRED,PCR,METAGENOMIC,metagenomes,ILLUMINA,Early signature of aGvHD development in the gut microbiota composition of pediatric patients given allogeneic hematopoietic cell transplantation for hematological disorders,2017-12-08T00:00:00Z,SAMEA104420414,b3p15,Illumina,ERP105598,b3p15,2017-12-13T02:40:00Z,2
ERR2215206,AMPLICON,500,39524000,PRJEB23820,SAMEA104420415,19089893,"MICROBIAL ECOLOGY OF HEALTH UNIT, UNIVERSITY OF BO",2015,public,"fastq,run.zq,sra","ena,gs,ncbi,s3","ena,gs.us-east1,ncbi.public,s3.us-east-1",2017-12-07,2017-12-07,2018-11-16,2017-12-07,4,organic feature,anthropogenic environmental material,human-gut,ERX2269791,SAMEA104420415,Italy,Europe,Italy,44.490457,11.362662,human-gut,"Microbial Ecology of Health UNIT\, University of Bologna","Microbial Ecology of Health UNIT\, University of Bologna",2017-12-07T17:07:47Z,2017-12-07T11:39:15Z,public,Illumina HiSeq 3000,metagenome,unspecified,PAIRED,PCR,METAGENOMIC,metagenomes,ILLUMINA,Early signature of aGvHD development in the gut microbiota composition of pediatric patients given allogeneic hematopoietic cell transplantation for hematological disorders,2017-12-08T00:00:00Z,SAMEA104420415,b3p35,Illumina,ERP105598,b3p35,2017-12-13T02:40:00Z,2
ERR2215207,AMPLICON,500,25169500,PRJEB23820,SAMEA104420416,11498549,"MICROBIAL ECOLOGY OF HEALTH UNIT, UNIVERSITY OF BO",2015,public,"fastq,run.zq,sra","ena,gs,ncbi,s3","ena,gs.us-east1,ncbi.public,s3.us-east-1",2017-12-07,2017-12-07,2018-11-16,2017-12-07,4,organic feature,anthropogenic environmental material,human-gut,ERX2269792,SAMEA104420416,Italy,Europe,Italy,44.490457,11.362662,human-gut,"Microbial Ecology of Health UNIT\, University of Bologna","Microbial Ecology of Health UNIT\, University of Bologna",2017-12-07T17:07:47Z,2017-12-07T11:39:15Z,public,Illumina HiSeq 3000,metagenome,unspecified,PAIRED,PCR,METAGENOMIC,metagenomes,ILLUMINA,Early signature of aGvHD development in the gut microbiota composition of pediatric patients given allogeneic hematopoietic cell transplantation for hematological disorders,2017-12-08T00:00:00Z,SAMEA104420416,b3pre,Illumina,ERP105598,b3pre,2017-12-13T02:40:00Z,2
ERR2215208,AMPLICON,500,124039000,PRJEB23820,SAMEA104420417,59894331,"MICROBIAL ECOLOGY OF HEALTH UNIT, UNIVERSITY OF BO",2015,public,"fastq,run.zq,sra","ena,gs,ncbi,s3","ena,gs.us-east1,ncbi.public,s3.us-east-1",2017-12-07,2017-12-07,2018-11-16,2017-12-07,4,organic feature,anthropogenic environmental material,human-gut,ERX2269793,SAMEA104420417,Italy,Europe,Italy,44.490457,11.362662,human-gut,"Microbial Ecology of Health UNIT\, University of Bologna","Microbial Ecology of Health UNIT\, University of Bologna",2017-12-07T17:07:47Z,2017-12-07T11:39:15Z,public,Illumina HiSeq 3000,metagenome,unspecified,PAIRED,PCR,METAGENOMIC,metagenomes,ILLUMINA,Early signature of aGvHD development in the gut microbiota composition of pediatric patients given allogeneic hematopoietic cell transplantation for hematological disorders,2017-12-08T00:00:00Z,SAMEA104420417,b4p17,Illumina,ERP105598,b4p17,2017-12-13T02:40:00Z,2
ERR2215209,AMPLICON,500,39722000,PRJEB23820,SAMEA104420418,19074381,"MICROBIAL ECOLOGY OF HEALTH UNIT, UNIVERSITY OF BO",2015,public,"fastq,run.zq,sra","ena,gs,ncbi,s3","ena,gs.us-east1,ncbi.public,s3.us-east-1",2017-12-07,2017-12-07,2018-11-16,2017-12-07,4,organic feature,anthropogenic environmental material,human-gut,ERX2269794,SAMEA104420418,Italy,Europe,Italy,44.490457,11.362662,human-gut,"Microbial Ecology of Health UNIT\, University of Bologna","Microbial Ecology of Health UNIT\, University of Bologna",2017-12-07T17:07:47Z,2017-12-07T11:39:15Z,public,Illumina HiSeq 3000,metagenome,unspecified,PAIRED,PCR,METAGENOMIC,metagenomes,ILLUMINA,Early signature of aGvHD development in the gut microbiota composition of pediatric patients given allogeneic hematopoietic cell transplantation for hematological disorders,2017-12-08T00:00:00Z,SAMEA104420418,b4p34,Illumina,ERP105598,b4p34,2017-12-13T02:40:00Z,2
ERR2215210,AMPLICON,500,32699500,PRJEB23820,SAMEA104420419,14585801,"MICROBIAL ECOLOGY OF HEALTH UNIT, UNIVERSITY OF BO",2015,public,"fastq,run.zq,sra","ena,gs,ncbi,s3","ena,gs.us-east1,ncbi.public,s3.us-east-1",2017-12-07,2017-12-07,2018-11-16,2017-12-07,4,organic feature,anthropogenic environmental material,human-gut,ERX2269795,SAMEA104420419,Italy,Europe,Italy,44.490457,11.362662,human-gut,"Microbial Ecology of Health UNIT\, University of Bologna","Microbial Ecology of Health UNIT\, University of Bologna",2017-12-07T17:07:47Z,2017-12-07T11:39:15Z,public,Illumina HiSeq 3000,metagenome,unspecified,PAIRED,PCR,METAGENOMIC,metagenomes,ILLUMINA,Early signature of aGvHD development in the gut microbiota composition of pediatric patients given allogeneic hematopoietic cell transplantation for hematological disorders,2017-12-08T00:00:00Z,SAMEA104420419,b4pre,Illumina,ERP105598,b4pre,2017-12-13T02:41:00Z,2
ERR2215211,AMPLICON,500,97708000,PRJEB23820,SAMEA104420420,46750480,"MICROBIAL ECOLOGY OF HEALTH UNIT, UNIVERSITY OF BO",2015,public,"fastq,run.zq,sra","ena,gs,ncbi,s3","ena,gs.us-east1,ncbi.public,s3.us-east-1",2017-12-07,2017-12-07,2018-11-16,2017-12-07,4,organic feature,anthropogenic environmental material,human-gut,ERX2269796,SAMEA104420420,Italy,Europe,Italy,44.490457,11.362662,human-gut,"Microbial Ecology of Health UNIT\, University of Bologna","Microbial Ecology of Health UNIT\, University of Bologna",2017-12-07T17:07:47Z,2017-12-07T11:39:15Z,public,Illumina HiSeq 3000,metagenome,unspecified,PAIRED,PCR,METAGENOMIC,metagenomes,ILLUMINA,Early signature of aGvHD development in the gut microbiota composition of pediatric patients given allogeneic hematopoietic cell transplantation for hematological disorders,2017-12-08T00:00:00Z,SAMEA104420420,b5p16,Illumina,ERP105598,b5p16,2017-12-13T02:41:00Z,2
ERR2215212,AMPLICON,500,39182000,PRJEB23820,SAMEA104420421,18647853,"MICROBIAL ECOLOGY OF HEALTH UNIT, UNIVERSITY OF BO",2015,public,"fastq,run.zq,sra","ena,gs,ncbi,s3","ena,gs.us-east1,ncbi.public,s3.us-east-1",2017-12-07,2017-12-07,2018-11-16,2017-12-07,4,organic feature,anthropogenic environmental material,human-gut,ERX2269797,SAMEA104420421,Italy,Europe,Italy,44.490457,11.362662,human-gut,"Microbial Ecology of Health UNIT\, University of Bologna","Microbial Ecology of Health UNIT\, University of Bologna",2017-12-07T17:07:47Z,2017-12-07T11:39:15Z,public,Illumina HiSeq 3000,metagenome,unspecified,PAIRED,PCR,METAGENOMIC,metagenomes,ILLUMINA,Early signature of aGvHD development in the gut microbiota composition of pediatric patients given allogeneic hematopoietic cell transplantation for hematological disorders,2017-12-08T00:00:00Z,SAMEA104420421,b5p33,Illumina,ERP105598,b5p33,2017-12-13T02:41:00Z,2
ERR2215213,AMPLICON,500,45481500,PRJEB23820,SAMEA104420422,21834460,"MICROBIAL ECOLOGY OF HEALTH UNIT, UNIVERSITY OF BO",2015,public,"fastq,run.zq,sra","ena,gs,ncbi,s3","ena,gs.us-east1,ncbi.public,s3.us-east-1",2017-12-07,2017-12-07,2018-11-16,2017-12-07,4,organic feature,anthropogenic environmental material,human-gut,ERX2269798,SAMEA104420422,Italy,Europe,Italy,44.490457,11.362662,human-gut,"Microbial Ecology of Health UNIT\, University of Bologna","Microbial Ecology of Health UNIT\, University of Bologna",2017-12-07T17:07:47Z,2017-12-07T11:39:15Z,public,Illumina HiSeq 3000,metagenome,unspecified,PAIRED,PCR,METAGENOMIC,metagenomes,ILLUMINA,Early signature of aGvHD development in the gut microbiota composition of pediatric patients given allogeneic hematopoietic cell transplantation for hematological disorders,2017-12-08T00:00:00Z,SAMEA104420422,b5pre,Illumina,ERP105598,b5pre,2017-12-13T02:41:00Z,2
ERR2215214,AMPLICON,500,87459000,PRJEB23820,SAMEA104420423,41550252,"MICROBIAL ECOLOGY OF HEALTH UNIT, UNIVERSITY OF BO",2015,public,"fastq,run.zq,sra","ena,gs,ncbi,s3","ena,gs.us-east1,ncbi.public,s3.us-east-1",2017-12-07,2017-12-07,2018-11-16,2017-12-07,4,organic feature,anthropogenic environmental material,human-gut,ERX2269799,SAMEA104420423,Italy,Europe,Italy,44.490457,11.362662,human-gut,"Microbial Ecology of Health UNIT\, University of Bologna","Microbial Ecology of Health UNIT\, University of Bologna",2017-12-07T17:07:47Z,2017-12-07T11:39:15Z,public,Illumina HiSeq 3000,metagenome,unspecified,PAIRED,PCR,METAGENOMIC,metagenomes,ILLUMINA,Early signature of aGvHD development in the gut microbiota composition of pediatric patients given allogeneic hematopoietic cell transplantation for hematological disorders,2017-12-08T00:00:00Z,SAMEA104420423,b6p27,Illumina,ERP105598,b6p27,2017-12-13T02:41:00Z,2
ERR2215215,AMPLICON,500,33384500,PRJEB23820,SAMEA104420424,16084478,"MICROBIAL ECOLOGY OF HEALTH UNIT, UNIVERSITY OF BO",2015,public,"fastq,run.zq,sra","ena,gs,ncbi,s3","ena,gs.us-east1,ncbi.public,s3.us-east-1",2017-12-07,2017-12-07,2018-11-16,2017-12-07,4,organic feature,anthropogenic environmental material,human-gut,ERX2269800,SAMEA104420424,Italy,Europe,Italy,44.490457,11.362662,human-gut,"Microbial Ecology of Health UNIT\, University of Bologna","Microbial Ecology of Health UNIT\, University of Bologna",2017-12-07T17:07:47Z,2017-12-07T11:39:15Z,public,Illumina HiSeq 3000,metagenome,unspecified,PAIRED,PCR,METAGENOMIC,metagenomes,ILLUMINA,Early signature of aGvHD development in the gut microbiota composition of pediatric patients given allogeneic hematopoietic cell transplantation for hematological disorders,2017-12-08T00:00:00Z,SAMEA104420424,b6p34,Illumina,ERP105598,b6p34,2017-12-13T02:41:00Z,2
ERR2215216,AMPLICON,500,46701000,PRJEB23820,SAMEA104420425,22336432,"MICROBIAL ECOLOGY OF HEALTH UNIT, UNIVERSITY OF BO",2015,public,"fastq,run.zq,sra","ena,gs,ncbi,s3","ena,gs.us-east1,ncbi.public,s3.us-east-1",2017-12-07,2017-12-07,2018-11-16,2017-12-07,4,organic feature,anthropogenic environmental material,human-gut,ERX2269801,SAMEA104420425,Italy,Europe,Italy,44.490457,11.362662,human-gut,"Microbial Ecology of Health UNIT\, University of Bologna","Microbial Ecology of Health UNIT\, University of Bologna",2017-12-07T17:07:47Z,2017-12-07T11:39:15Z,public,Illumina HiSeq 3000,metagenome,unspecified,PAIRED,PCR,METAGENOMIC,metagenomes,ILLUMINA,Early signature of aGvHD development in the gut microbiota composition of pediatric patients given allogeneic hematopoietic cell transplantation for hematological disorders,2017-12-08T00:00:00Z,SAMEA104420425,b6pre,Illumina,ERP105598,b6pre,2017-12-13T02:41:00Z,2
ERR2215217,AMPLICON,500,43182000,PRJEB23820,SAMEA104420426,20714228,"MICROBIAL ECOLOGY OF HEALTH UNIT, UNIVERSITY OF BO",2015,public,"fastq,run.zq,sra","ena,gs,ncbi,s3","ena,gs.us-east1,ncbi.public,s3.us-east-1",2017-12-07,2017-12-07,2018-11-16,2017-12-07,4,organic feature,anthropogenic environmental material,human-gut,ERX2269802,SAMEA104420426,Italy,Europe,Italy,44.490457,11.362662,human-gut,"Microbial Ecology of Health UNIT\, University of Bologna","Microbial Ecology of Health UNIT\, University of Bologna",2017-12-07T17:07:47Z,2017-12-07T11:39:15Z,public,Illumina HiSeq 3000,metagenome,unspecified,PAIRED,PCR,METAGENOMIC,metagenomes,ILLUMINA,Early signature of aGvHD development in the gut microbiota composition of pediatric patients given allogeneic hematopoietic cell transplantation for hematological disorders,2017-12-08T00:00:00Z,SAMEA104420426,b7p20,Illumina,ERP105598,b7p20,2017-12-13T02:41:00Z,2
ERR2215218,AMPLICON,500,84811000,PRJEB23820,SAMEA104420427,40449908,"MICROBIAL ECOLOGY OF HEALTH UNIT, UNIVERSITY OF BO",2015,public,"fastq,run.zq,sra","ena,gs,ncbi,s3","ena,gs.us-east1,ncbi.public,s3.us-east-1",2017-12-07,2017-12-07,2018-11-16,2017-12-07,4,organic feature,anthropogenic environmental material,human-gut,ERX2269803,SAMEA104420427,Italy,Europe,Italy,44.490457,11.362662,human-gut,"Microbial Ecology of Health UNIT\, University of Bologna","Microbial Ecology of Health UNIT\, University of Bologna",2017-12-07T17:07:47Z,2017-12-07T11:39:15Z,public,Illumina HiSeq 3000,metagenome,unspecified,PAIRED,PCR,METAGENOMIC,metagenomes,ILLUMINA,Early signature of aGvHD development in the gut microbiota composition of pediatric patients given allogeneic hematopoietic cell transplantation for hematological disorders,2017-12-08T00:00:00Z,SAMEA104420427,b7p28,Illumina,ERP105598,b7p28,2017-12-13T02:41:00Z,2
ERR2215219,AMPLICON,500,34460000,PRJEB23820,SAMEA104420428,16647470,"MICROBIAL ECOLOGY OF HEALTH UNIT, UNIVERSITY OF BO",2015,public,"fastq,run.zq,sra","ena,gs,ncbi,s3","ena,gs.us-east1,ncbi.public,s3.us-east-1",2017-12-07,2017-12-07,2018-11-16,2017-12-07,4,organic feature,anthropogenic environmental material,human-gut,ERX2269804,SAMEA104420428,Italy,Europe,Italy,44.490457,11.362662,human-gut,"Microbial Ecology of Health UNIT\, University of Bologna","Microbial Ecology of Health UNIT\, University of Bologna",2017-12-07T17:07:47Z,2017-12-07T11:39:15Z,public,Illumina HiSeq 3000,metagenome,unspecified,PAIRED,PCR,METAGENOMIC,metagenomes,ILLUMINA,Early signature of aGvHD development in the gut microbiota composition of pediatric patients given allogeneic hematopoietic cell transplantation for hematological disorders,2017-12-08T00:00:00Z,SAMEA104420428,b7pre,Illumina,ERP105598,b7pre,2017-12-13T02:42:00Z,2
ERR2215220,AMPLICON,500,67839000,PRJEB23820,SAMEA104420429,30239090,"MICROBIAL ECOLOGY OF HEALTH UNIT, UNIVERSITY OF BO",2015,public,"fastq,run.zq,sra","ena,gs,ncbi,s3","ena,gs.us-east1,ncbi.public,s3.us-east-1",2017-12-07,2017-12-07,2018-11-16,2017-12-07,4,organic feature,anthropogenic environmental material,human-gut,ERX2269805,SAMEA104420429,Italy,Europe,Italy,44.490457,11.362662,human-gut,"Microbial Ecology of Health UNIT\, University of Bologna","Microbial Ecology of Health UNIT\, University of Bologna",2017-12-07T17:07:47Z,2017-12-07T11:39:15Z,public,Illumina HiSeq 3000,metagenome,unspecified,PAIRED,PCR,METAGENOMIC,metagenomes,ILLUMINA,Early signature of aGvHD development in the gut microbiota composition of pediatric patients given allogeneic hematopoietic cell transplantation for hematological disorders,2017-12-08T00:00:00Z,SAMEA104420429,b8p28,Illumina,ERP105598,b8p28,2017-12-13T02:42:00Z,2
ERR2215221,AMPLICON,500,44933000,PRJEB23820,SAMEA104420430,20313541,"MICROBIAL ECOLOGY OF HEALTH UNIT, UNIVERSITY OF BO",2015,public,"fastq,run.zq,sra","ena,gs,ncbi,s3","ena,gs.us-east1,ncbi.public,s3.us-east-1",2017-12-07,2017-12-07,2018-11-16,2017-12-07,4,organic feature,anthropogenic environmental material,human-gut,ERX2269806,SAMEA104420430,Italy,Europe,Italy,44.490457,11.362662,human-gut,"Microbial Ecology of Health UNIT\, University of Bologna","Microbial Ecology of Health UNIT\, University of Bologna",2017-12-07T17:07:47Z,2017-12-07T11:39:15Z,public,Illumina HiSeq 3000,metagenome,unspecified,PAIRED,PCR,METAGENOMIC,metagenomes,ILLUMINA,Early signature of aGvHD development in the gut microbiota composition of pediatric patients given allogeneic hematopoietic cell transplantation for hematological disorders,2017-12-08T00:00:00Z,SAMEA104420430,b8p42,Illumina,ERP105598,b8p42,2017-12-13T02:42:00Z,2
ERR2215222,AMPLICON,500,49703500,PRJEB23820,SAMEA104420431,21956893,"MICROBIAL ECOLOGY OF HEALTH UNIT, UNIVERSITY OF BO",2015,public,"fastq,run.zq,sra","ena,gs,ncbi,s3","ena,gs.us-east1,ncbi.public,s3.us-east-1",2017-12-07,2017-12-07,2018-11-16,2017-12-07,4,organic feature,anthropogenic environmental material,human-gut,ERX2269807,SAMEA104420431,Italy,Europe,Italy,44.490457,11.362662,human-gut,"Microbial Ecology of Health UNIT\, University of Bologna","Microbial Ecology of Health UNIT\, University of Bologna",2017-12-07T17:07:47Z,2017-12-07T11:39:15Z,public,Illumina HiSeq 3000,metagenome,unspecified,PAIRED,PCR,METAGENOMIC,metagenomes,ILLUMINA,Early signature of aGvHD development in the gut microbiota composition of pediatric patients given allogeneic hematopoietic cell transplantation for hematological disorders,2017-12-08T00:00:00Z,SAMEA104420431,b8pre,Illumina,ERP105598,b8pre,2017-12-13T02:42:00Z,2
ERR2215223,AMPLICON,500,30238000,PRJEB23820,SAMEA104420432,14490572,"MICROBIAL ECOLOGY OF HEALTH UNIT, UNIVERSITY OF BO",2015,public,"fastq,run.zq,sra","ena,gs,ncbi,s3","ena,gs.us-east1,ncbi.public,s3.us-east-1",2017-12-07,2017-12-07,2018-11-16,2017-12-07,4,organic feature,anthropogenic environmental material,human-gut,ERX2269808,SAMEA104420432,Italy,Europe,Italy,44.490457,11.362662,human-gut,"Microbial Ecology of Health UNIT\, University of Bologna","Microbial Ecology of Health UNIT\, University of Bologna",2017-12-07T17:07:47Z,2017-12-07T11:39:15Z,public,Illumina HiSeq 3000,metagenome,unspecified,PAIRED,PCR,METAGENOMIC,metagenomes,ILLUMINA,Early signature of aGvHD development in the gut microbiota composition of pediatric patients given allogeneic hematopoietic cell transplantation for hematological disorders,2017-12-08T00:00:00Z,SAMEA104420432,b9p20,Illumina,ERP105598,b9p20,2017-12-13T02:42:00Z,2
ERR2215224,AMPLICON,500,73662000,PRJEB23820,SAMEA104420433,35440182,"MICROBIAL ECOLOGY OF HEALTH UNIT, UNIVERSITY OF BO",2015,public,"fastq,run.zq","ena,gs,ncbi,s3","ena,gs.us-east1,ncbi.public,s3.us-east-1",2017-12-07,2017-12-07,2018-11-16,2017-12-07,4,organic feature,anthropogenic environmental material,human-gut,ERX2269809,SAMEA104420433,Italy,Europe,Italy,44.490457,11.362662,human-gut,"Microbial Ecology of Health UNIT\, University of Bologna","Microbial Ecology of Health UNIT\, University of Bologna",2017-12-07T17:07:47Z,2017-12-07T11:39:15Z,public,Illumina HiSeq 3000,metagenome,unspecified,PAIRED,PCR,METAGENOMIC,metagenomes,ILLUMINA,Early signature of aGvHD development in the gut microbiota composition of pediatric patients given allogeneic hematopoietic cell transplantation for hematological disorders,2017-12-08T00:00:00Z,SAMEA104420433,b9p34,Illumina,ERP105598,b9p34,,
ERR2215225,AMPLICON,500,58104000,PRJEB23820,SAMEA104420434,27583303,"MICROBIAL ECOLOGY OF HEALTH UNIT, UNIVERSITY OF BO",2015,public,"fastq,run.zq,sra","ena,gs,ncbi,s3","ena,gs.us-east1,ncbi.public,s3.us-east-1",2017-12-07,2017-12-07,2018-11-16,2017-12-07,4,organic feature,anthropogenic environmental material,human-gut,ERX2269810,SAMEA104420434,Italy,Europe,Italy,44.490457,11.362662,human-gut,"Microbial Ecology of Health UNIT\, University of Bologna","Microbial Ecology of Health UNIT\, University of Bologna",2017-12-07T17:07:47Z,2017-12-07T11:39:15Z,public,Illumina HiSeq 3000,metagenome,unspecified,PAIRED,PCR,METAGENOMIC,metagenomes,ILLUMINA,Early signature of aGvHD development in the gut microbiota composition of pediatric patients given allogeneic hematopoietic cell transplantation for hematological disorders,2017-12-08T00:00:00Z,SAMEA104420434,b9pre,Illumina,ERP105598,b9pre,2017-12-13T02:43:00Z,2
ERR2215226,AMPLICON,500,11085000,PRJEB23820,SAMEA104420435,5480642,"MICROBIAL ECOLOGY OF HEALTH UNIT, UNIVERSITY OF BO",2015,public,"fastq,run.zq,sra","ena,gs,ncbi,s3","ena,gs.us-east1,ncbi.public,s3.us-east-1",2017-12-07,2017-12-07,2018-11-16,2017-12-07,4,organic feature,anthropogenic environmental material,human-gut,ERX2269811,SAMEA104420435,Italy,Europe,Italy,45.19825,9.148025,human-gut,"Microbial Ecology of Health UNIT\, University of Bologna","Microbial Ecology of Health UNIT\, University of Bologna",2017-12-07T17:07:47Z,2017-12-07T11:39:15Z,public,Illumina HiSeq 3000,metagenome,unspecified,PAIRED,PCR,METAGENOMIC,metagenomes,ILLUMINA,Early signature of aGvHD development in the gut microbiota composition of pediatric patients given allogeneic hematopoietic cell transplantation for hematological disorders,2017-12-08T00:00:00Z,SAMEA104420435,p10p45,Illumina,ERP105598,p10p45,2017-12-13T02:43:00Z,2
ERR2215227,AMPLICON,500,9335500,PRJEB23820,SAMEA104420436,4557791,"MICROBIAL ECOLOGY OF HEALTH UNIT, UNIVERSITY OF BO",2015,public,"fastq,run.zq,sra","ena,gs,ncbi,s3","ena,gs.us-east1,ncbi.public,s3.us-east-1",2017-12-07,2017-12-07,2018-11-16,2017-12-07,4,organic feature,anthropogenic environmental material,human-gut,ERX2269812,SAMEA104420436,Italy,Europe,Italy,45.19825,9.148025,human-gut,"Microbial Ecology of Health UNIT\, University of Bologna","Microbial Ecology of Health UNIT\, University of Bologna",2017-12-07T17:07:47Z,2017-12-07T11:39:15Z,public,Illumina HiSeq 3000,metagenome,unspecified,PAIRED,PCR,METAGENOMIC,metagenomes,ILLUMINA,Early signature of aGvHD development in the gut microbiota composition of pediatric patients given allogeneic hematopoietic cell transplantation for hematological disorders,2017-12-08T00:00:00Z,SAMEA104420436,p10pre,Illumina,ERP105598,p10pre,2017-12-13T02:43:00Z,2
ERR2215228,AMPLICON,500,54552000,PRJEB23820,SAMEA104420437,26004891,"MICROBIAL ECOLOGY OF HEALTH UNIT, UNIVERSITY OF BO",2015,public,"fastq,run.zq,sra","ena,gs,ncbi,s3","ena,gs.us-east1,ncbi.public,s3.us-east-1",2017-12-07,2017-12-07,2018-11-16,2017-12-07,4,organic feature,anthropogenic environmental material,human-gut,ERX2269813,SAMEA104420437,Italy,Europe,Italy,45.19825,9.148025,human-gut,"Microbial Ecology of Health UNIT\, University of Bologna","Microbial Ecology of Health UNIT\, University of Bologna",2017-12-07T17:07:47Z,2017-12-07T11:39:15Z,public,Illumina HiSeq 3000,metagenome,unspecified,PAIRED,PCR,METAGENOMIC,metagenomes,ILLUMINA,Early signature of aGvHD development in the gut microbiota composition of pediatric patients given allogeneic hematopoietic cell transplantation for hematological disorders,2017-12-08T00:00:00Z,SAMEA104420437,p1p14,Illumina,ERP105598,p1p14,2017-12-13T02:44:00Z,2
ERR2215229,AMPLICON,500,92080000,PRJEB23820,SAMEA104420438,43950211,"MICROBIAL ECOLOGY OF HEALTH UNIT, UNIVERSITY OF BO",2015,public,"fastq,run.zq,sra","ena,gs,ncbi,s3","ena,gs.us-east1,ncbi.public,s3.us-east-1",2017-12-07,2017-12-07,2018-11-16,2017-12-07,4,organic feature,anthropogenic environmental material,human-gut,ERX2269814,SAMEA104420438,Italy,Europe,Italy,45.19825,9.148025,human-gut,"Microbial Ecology of Health UNIT\, University of Bologna","Microbial Ecology of Health UNIT\, University of Bologna",2017-12-07T17:07:47Z,2017-12-07T11:39:15Z,public,Illumina HiSeq 3000,metagenome,unspecified,PAIRED,PCR,METAGENOMIC,metagenomes,ILLUMINA,Early signature of aGvHD development in the gut microbiota composition of pediatric patients given allogeneic hematopoietic cell transplantation for hematological disorders,2017-12-08T00:00:00Z,SAMEA104420438,p1p35,Illumina,ERP105598,p1p35,2017-12-13T02:44:00Z,2
ERR2215230,AMPLICON,500,13464500,PRJEB23820,SAMEA104420439,6562047,"MICROBIAL ECOLOGY OF HEALTH UNIT, UNIVERSITY OF BO",2015,public,"fastq,run.zq,sra","ena,gs,ncbi,s3","ena,gs.us-east1,ncbi.public,s3.us-east-1",2017-12-07,2017-12-07,2018-11-16,2017-12-07,4,organic feature,anthropogenic environmental material,human-gut,ERX2269815,SAMEA104420439,Italy,Europe,Italy,45.19825,9.148025,human-gut,"Microbial Ecology of Health UNIT\, University of Bologna","Microbial Ecology of Health UNIT\, University of Bologna",2017-12-07T17:07:47Z,2017-12-07T11:39:15Z,public,Illumina HiSeq 3000,metagenome,unspecified,PAIRED,PCR,METAGENOMIC,metagenomes,ILLUMINA,Early signature of aGvHD development in the gut microbiota composition of pediatric patients given allogeneic hematopoietic cell transplantation for hematological disorders,2017-12-08T00:00:00Z,SAMEA104420439,p1pre,Illumina,ERP105598,p1pre,2017-12-13T02:44:00Z,2
ERR2215231,AMPLICON,500,40568500,PRJEB23820,SAMEA104420440,19451579,"MICROBIAL ECOLOGY OF HEALTH UNIT, UNIVERSITY OF BO",2015,public,"fastq,run.zq,sra","ena,gs,ncbi,s3","ena,gs.us-east1,ncbi.public,s3.us-east-1",2017-12-07,2017-12-07,2018-11-16,2017-12-07,4,organic feature,anthropogenic environmental material,human-gut,ERX2269816,SAMEA104420440,Italy,Europe,Italy,45.19825,9.148025,human-gut,"Microbial Ecology of Health UNIT\, University of Bologna","Microbial Ecology of Health UNIT\, University of Bologna",2017-12-07T17:07:47Z,2017-12-07T11:39:15Z,public,Illumina HiSeq 3000,metagenome,unspecified,PAIRED,PCR,METAGENOMIC,metagenomes,ILLUMINA,Early signature of aGvHD development in the gut microbiota composition of pediatric patients given allogeneic hematopoietic cell transplantation for hematological disorders,2017-12-08T00:00:00Z,SAMEA104420440,p2p18,Illumina,ERP105598,p2p18,2017-12-13T02:45:00Z,2
ERR2215232,AMPLICON,500,24705000,PRJEB23820,SAMEA104420441,11972688,"MICROBIAL ECOLOGY OF HEALTH UNIT, UNIVERSITY OF BO",2015,public,"fastq,run.zq,sra","ena,gs,ncbi,s3","ena,gs.us-east1,ncbi.public,s3.us-east-1",2017-12-07,2017-12-07,2018-11-16,2017-12-07,4,organic feature,anthropogenic environmental material,human-gut,ERX2269817,SAMEA104420441,Italy,Europe,Italy,45.19825,9.148025,human-gut,"Microbial Ecology of Health UNIT\, University of Bologna","Microbial Ecology of Health UNIT\, University of Bologna",2017-12-07T17:07:47Z,2017-12-07T11:39:15Z,public,Illumina HiSeq 3000,metagenome,unspecified,PAIRED,PCR,METAGENOMIC,metagenomes,ILLUMINA,Early signature of aGvHD development in the gut microbiota composition of pediatric patients given allogeneic hematopoietic cell transplantation for hematological disorders,2017-12-08T00:00:00Z,SAMEA104420441,p2p26,Illumina,ERP105598,p2p26,2017-12-13T02:45:00Z,2
ERR2215233,AMPLICON,500,15858500,PRJEB23820,SAMEA104420442,7778231,"MICROBIAL ECOLOGY OF HEALTH UNIT, UNIVERSITY OF BO",2015,public,"fastq,run.zq,sra","ena,gs,ncbi,s3","ena,gs.us-east1,ncbi.public,s3.us-east-1",2017-12-07,2017-12-07,2018-11-16,2017-12-07,4,organic feature,anthropogenic environmental material,human-gut,ERX2269818,SAMEA104420442,Italy,Europe,Italy,45.19825,9.148025,human-gut,"Microbial Ecology of Health UNIT\, University of Bologna","Microbial Ecology of Health UNIT\, University of Bologna",2017-12-07T17:07:47Z,2017-12-07T11:39:15Z,public,Illumina HiSeq 3000,metagenome,unspecified,PAIRED,PCR,METAGENOMIC,metagenomes,ILLUMINA,Early signature of aGvHD development in the gut microbiota composition of pediatric patients given allogeneic hematopoietic cell transplantation for hematological disorders,2017-12-08T00:00:00Z,SAMEA104420442,p2pre,Illumina,ERP105598,p2pre,2017-12-13T02:46:00Z,2
ERR2215234,AMPLICON,500,70859500,PRJEB23820,SAMEA104420443,33719577,"MICROBIAL ECOLOGY OF HEALTH UNIT, UNIVERSITY OF BO",2015,public,"fastq,run.zq,sra","ena,gs,ncbi,s3","ena,gs.us-east1,ncbi.public,s3.us-east-1",2017-12-07,2017-12-07,2018-11-16,2017-12-07,4,organic feature,anthropogenic environmental material,human-gut,ERX2269819,SAMEA104420443,Italy,Europe,Italy,45.19825,9.148025,human-gut,"Microbial Ecology of Health UNIT\, University of Bologna","Microbial Ecology of Health UNIT\, University of Bologna",2017-12-07T17:07:47Z,2017-12-07T11:39:15Z,public,Illumina HiSeq 3000,metagenome,unspecified,PAIRED,PCR,METAGENOMIC,metagenomes,ILLUMINA,Early signature of aGvHD development in the gut microbiota composition of pediatric patients given allogeneic hematopoietic cell transplantation for hematological disorders,2017-12-08T00:00:00Z,SAMEA104420443,p3p23,Illumina,ERP105598,p3p23,2017-12-13T02:46:00Z,2
ERR2215235,AMPLICON,500,26549500,PRJEB23820,SAMEA104420444,12712119,"MICROBIAL ECOLOGY OF HEALTH UNIT, UNIVERSITY OF BO",2015,public,"fastq,run.zq,sra","ena,gs,ncbi,s3","ena,gs.us-east1,ncbi.public,s3.us-east-1",2017-12-07,2017-12-07,2018-11-16,2017-12-07,4,organic feature,anthropogenic environmental material,human-gut,ERX2269820,SAMEA104420444,Italy,Europe,Italy,45.19825,9.148025,human-gut,"Microbial Ecology of Health UNIT\, University of Bologna","Microbial Ecology of Health UNIT\, University of Bologna",2017-12-07T17:07:47Z,2017-12-07T11:39:15Z,public,Illumina HiSeq 3000,metagenome,unspecified,PAIRED,PCR,METAGENOMIC,metagenomes,ILLUMINA,Early signature of aGvHD development in the gut microbiota composition of pediatric patients given allogeneic hematopoietic cell transplantation for hematological disorders,2017-12-08T00:00:00Z,SAMEA104420444,p3p28,Illumina,ERP105598,p3p28,2017-12-13T02:46:00Z,2
ERR2215236,AMPLICON,500,121951000,PRJEB23820,SAMEA104420445,58082634,"MICROBIAL ECOLOGY OF HEALTH UNIT, UNIVERSITY OF BO",2015,public,"fastq,run.zq,sra","ena,gs,ncbi,s3","ena,gs.us-east1,ncbi.public,s3.us-east-1",2017-12-07,2017-12-07,2018-11-16,2017-12-07,4,organic feature,anthropogenic environmental material,human-gut,ERX2269821,SAMEA104420445,Italy,Europe,Italy,45.19825,9.148025,human-gut,"Microbial Ecology of Health UNIT\, University of Bologna","Microbial Ecology of Health UNIT\, University of Bologna",2017-12-07T17:07:47Z,2017-12-07T11:39:16Z,public,Illumina HiSeq 3000,metagenome,unspecified,PAIRED,PCR,METAGENOMIC,metagenomes,ILLUMINA,Early signature of aGvHD development in the gut microbiota composition of pediatric patients given allogeneic hematopoietic cell transplantation for hematological disorders,2017-12-08T00:00:00Z,SAMEA104420445,p3pre,Illumina,ERP105598,p3pre,2017-12-13T02:46:00Z,2
ERR2215237,AMPLICON,500,28178000,PRJEB23820,SAMEA104420446,13529156,"MICROBIAL ECOLOGY OF HEALTH UNIT, UNIVERSITY OF BO",2015,public,"fastq,run.zq,sra","ena,gs,ncbi,s3","ena,gs.us-east1,ncbi.public,s3.us-east-1",2017-12-07,2017-12-07,2018-11-16,2017-12-07,4,organic feature,anthropogenic environmental material,human-gut,ERX2269822,SAMEA104420446,Italy,Europe,Italy,45.19825,9.148025,human-gut,"Microbial Ecology of Health UNIT\, University of Bologna","Microbial Ecology of Health UNIT\, University of Bologna",2017-12-07T17:07:47Z,2017-12-07T11:39:16Z,public,Illumina HiSeq 3000,metagenome,unspecified,PAIRED,PCR,METAGENOMIC,metagenomes,ILLUMINA,Early signature of aGvHD development in the gut microbiota composition of pediatric patients given allogeneic hematopoietic cell transplantation for hematological disorders,2017-12-08T00:00:00Z,SAMEA104420446,p5p15,Illumina,ERP105598,p5p15,2017-12-13T02:46:00Z,2
ERR2215238,AMPLICON,500,44477500,PRJEB23820,SAMEA104420447,21088894,"MICROBIAL ECOLOGY OF HEALTH UNIT, UNIVERSITY OF BO",2015,public,"fastq,run.zq,sra","ena,gs,ncbi,s3","ena,gs.us-east1,ncbi.public,s3.us-east-1",2017-12-07,2017-12-07,2018-11-16,2017-12-07,4,organic feature,anthropogenic environmental material,human-gut,ERX2269823,SAMEA104420447,Italy,Europe,Italy,45.19825,9.148025,human-gut,"Microbial Ecology of Health UNIT\, University of Bologna","Microbial Ecology of Health UNIT\, University of Bologna",2017-12-07T17:07:47Z,2017-12-07T11:39:16Z,public,Illumina HiSeq 3000,metagenome,unspecified,PAIRED,PCR,METAGENOMIC,metagenomes,ILLUMINA,Early signature of aGvHD development in the gut microbiota composition of pediatric patients given allogeneic hematopoietic cell transplantation for hematological disorders,2017-12-08T00:00:00Z,SAMEA104420447,p5p36,Illumina,ERP105598,p5p36,2017-12-13T02:47:00Z,2
ERR2215239,AMPLICON,500,64201500,PRJEB23820,SAMEA104420448,30563714,"MICROBIAL ECOLOGY OF HEALTH UNIT, UNIVERSITY OF BO",2015,public,"fastq,run.zq,sra","ena,gs,ncbi,s3","ena,gs.us-east1,ncbi.public,s3.us-east-1",2017-12-07,2017-12-07,2018-11-16,2017-12-07,4,organic feature,anthropogenic environmental material,human-gut,ERX2269824,SAMEA104420448,Italy,Europe,Italy,45.19825,9.148025,human-gut,"Microbial Ecology of Health UNIT\, University of Bologna","Microbial Ecology of Health UNIT\, University of Bologna",2017-12-07T17:07:47Z,2017-12-07T11:39:16Z,public,Illumina HiSeq 3000,metagenome,unspecified,PAIRED,PCR,METAGENOMIC,metagenomes,ILLUMINA,Early signature of aGvHD development in the gut microbiota composition of pediatric patients given allogeneic hematopoietic cell transplantation for hematological disorders,2017-12-08T00:00:00Z,SAMEA104420448,p5pre,Illumina,ERP105598,p5pre,2017-12-13T02:47:00Z,2
ERR2215240,AMPLICON,500,70434500,PRJEB23820,SAMEA104420449,33622887,"MICROBIAL ECOLOGY OF HEALTH UNIT, UNIVERSITY OF BO",2015,public,"fastq,run.zq,sra","ena,gs,ncbi,s3","ena,gs.us-east1,ncbi.public,s3.us-east-1",2017-12-07,2017-12-07,2018-11-16,2017-12-07,4,organic feature,anthropogenic environmental material,human-gut,ERX2269825,SAMEA104420449,Italy,Europe,Italy,45.19825,9.148025,human-gut,"Microbial Ecology of Health UNIT\, University of Bologna","Microbial Ecology of Health UNIT\, University of Bologna",2017-12-07T17:07:47Z,2017-12-07T11:39:16Z,public,Illumina HiSeq 3000,metagenome,unspecified,PAIRED,PCR,METAGENOMIC,metagenomes,ILLUMINA,Early signature of aGvHD development in the gut microbiota composition of pediatric patients given allogeneic hematopoietic cell transplantation for hematological disorders,2017-12-08T00:00:00Z,SAMEA104420449,p6p14,Illumina,ERP105598,p6p14,2017-12-13T02:48:00Z,2
ERR2215241,AMPLICON,500,63538000,PRJEB23820,SAMEA104420450,28069163,"MICROBIAL ECOLOGY OF HEALTH UNIT, UNIVERSITY OF BO",2015,public,"fastq,run.zq,sra","ena,gs,ncbi,s3","ena,gs.us-east1,ncbi.public,s3.us-east-1",2017-12-07,2017-12-07,2018-11-16,2017-12-07,4,organic feature,anthropogenic environmental material,human-gut,ERX2269826,SAMEA104420450,Italy,Europe,Italy,45.19825,9.148025,human-gut,"Microbial Ecology of Health UNIT\, University of Bologna","Microbial Ecology of Health UNIT\, University of Bologna",2017-12-07T17:07:47Z,2017-12-07T11:39:16Z,public,Illumina HiSeq 3000,metagenome,unspecified,PAIRED,PCR,METAGENOMIC,metagenomes,ILLUMINA,Early signature of aGvHD development in the gut microbiota composition of pediatric patients given allogeneic hematopoietic cell transplantation for hematological disorders,2017-12-08T00:00:00Z,SAMEA104420450,p6p27,Illumina,ERP105598,p6p27,2017-12-13T02:48:00Z,2
ERR2215242,AMPLICON,500,32853500,PRJEB23820,SAMEA104420451,15723044,"MICROBIAL ECOLOGY OF HEALTH UNIT, UNIVERSITY OF BO",2015,public,"fastq,run.zq,sra","ena,gs,ncbi,s3","ena,gs.us-east1,ncbi.public,s3.us-east-1",2017-12-07,2017-12-07,2018-11-16,2017-12-07,4,organic feature,anthropogenic environmental material,human-gut,ERX2269827,SAMEA104420451,Italy,Europe,Italy,45.19825,9.148025,human-gut,"Microbial Ecology of Health UNIT\, University of Bologna","Microbial Ecology of Health UNIT\, University of Bologna",2017-12-07T17:07:47Z,2017-12-07T11:39:16Z,public,Illumina HiSeq 3000,metagenome,unspecified,PAIRED,PCR,METAGENOMIC,metagenomes,ILLUMINA,Early signature of aGvHD development in the gut microbiota composition of pediatric patients given allogeneic hematopoietic cell transplantation for hematological disorders,2017-12-08T00:00:00Z,SAMEA104420451,p6pre,Illumina,ERP105598,p6pre,2017-12-13T02:48:00Z,2
ERR2215243,AMPLICON,500,21442500,PRJEB23820,SAMEA104420452,10263861,"MICROBIAL ECOLOGY OF HEALTH UNIT, UNIVERSITY OF BO",2015,public,"fastq,run.zq,sra","ena,gs,ncbi,s3","ena,gs.us-east1,ncbi.public,s3.us-east-1",2017-12-07,2017-12-07,2018-11-16,2017-12-07,4,organic feature,anthropogenic environmental material,human-gut,ERX2269828,SAMEA104420452,Italy,Europe,Italy,45.19825,9.148025,human-gut,"Microbial Ecology of Health UNIT\, University of Bologna","Microbial Ecology of Health UNIT\, University of Bologna",2017-12-07T17:07:47Z,2017-12-07T11:39:16Z,public,Illumina HiSeq 3000,metagenome,unspecified,PAIRED,PCR,METAGENOMIC,metagenomes,ILLUMINA,Early signature of aGvHD development in the gut microbiota composition of pediatric patients given allogeneic hematopoietic cell transplantation for hematological disorders,2017-12-08T00:00:00Z,SAMEA104420452,p7p16,Illumina,ERP105598,p7p16,2017-12-13T02:49:00Z,2
ERR2215244,AMPLICON,500,8275500,PRJEB23820,SAMEA104420453,4042632,"MICROBIAL ECOLOGY OF HEALTH UNIT, UNIVERSITY OF BO",2015,public,"fastq,run.zq,sra","ena,gs,ncbi,s3","ena,gs.us-east1,ncbi.public,s3.us-east-1",2017-12-07,2017-12-07,2018-11-16,2017-12-07,4,organic feature,anthropogenic environmental material,human-gut,ERX2269829,SAMEA104420453,Italy,Europe,Italy,45.19825,9.148025,human-gut,"Microbial Ecology of Health UNIT\, University of Bologna","Microbial Ecology of Health UNIT\, University of Bologna",2017-12-07T17:07:47Z,2017-12-07T11:39:16Z,public,Illumina HiSeq 3000,metagenome,unspecified,PAIRED,PCR,METAGENOMIC,metagenomes,ILLUMINA,Early signature of aGvHD development in the gut microbiota composition of pediatric patients given allogeneic hematopoietic cell transplantation for hematological disorders,2017-12-08T00:00:00Z,SAMEA104420453,p7p34,Illumina,ERP105598,p7p34,2017-12-13T02:49:00Z,2
ERR2215245,AMPLICON,500,23838500,PRJEB23820,SAMEA104420454,11423885,"MICROBIAL ECOLOGY OF HEALTH UNIT, UNIVERSITY OF BO",2015,public,"fastq,run.zq,sra","ena,gs,ncbi,s3","ena,gs.us-east1,ncbi.public,s3.us-east-1",2017-12-07,2017-12-07,2018-11-16,2017-12-07,4,organic feature,anthropogenic environmental material,human-gut,ERX2269830,SAMEA104420454,Italy,Europe,Italy,45.19825,9.148025,human-gut,"Microbial Ecology of Health UNIT\, University of Bologna","Microbial Ecology of Health UNIT\, University of Bologna",2017-12-07T17:07:47Z,2017-12-07T11:39:16Z,public,Illumina HiSeq 3000,metagenome,unspecified,PAIRED,PCR,METAGENOMIC,metagenomes,ILLUMINA,Early signature of aGvHD development in the gut microbiota composition of pediatric patients given allogeneic hematopoietic cell transplantation for hematological disorders,2017-12-08T00:00:00Z,SAMEA104420454,p7pre,Illumina,ERP105598,p7pre,2017-12-13T02:50:00Z,2
ERR2215246,AMPLICON,500,23088500,PRJEB23820,SAMEA104420455,10983982,"MICROBIAL ECOLOGY OF HEALTH UNIT, UNIVERSITY OF BO",2016,public,"fastq,run.zq,sra","ena,gs,ncbi,s3","ena,gs.us-east1,ncbi.public,s3.us-east-1",2017-12-07,2017-12-07,2018-11-16,2017-12-07,4,organic feature,anthropogenic environmental material,human-gut,ERX2269831,SAMEA104420455,Italy,Europe,Italy,45.19825,9.148025,human-gut,"Microbial Ecology of Health UNIT\, University of Bologna","Microbial Ecology of Health UNIT\, University of Bologna",2017-12-07T17:07:47Z,2017-12-07T11:39:16Z,public,Illumina HiSeq 3000,metagenome,unspecified,PAIRED,PCR,METAGENOMIC,metagenomes,ILLUMINA,Early signature of aGvHD development in the gut microbiota composition of pediatric patients given allogeneic hematopoietic cell transplantation for hematological disorders,2017-12-08T00:00:00Z,SAMEA104420455,p9p14,Illumina,ERP105598,p9p14,2017-12-13T02:50:00Z,2
ERR2215247,AMPLICON,500,4935500,PRJEB23820,SAMEA104420456,2456623,"MICROBIAL ECOLOGY OF HEALTH UNIT, UNIVERSITY OF BO",2016,public,"fastq,run.zq,sra","ena,gs,ncbi,s3","ena,gs.us-east1,ncbi.public,s3.us-east-1",2017-12-07,2017-12-07,2018-11-16,2017-12-07,4,organic feature,anthropogenic environmental material,human-gut,ERX2269832,SAMEA104420456,Italy,Europe,Italy,45.19825,9.148025,human-gut,"Microbial Ecology of Health UNIT\, University of Bologna","Microbial Ecology of Health UNIT\, University of Bologna",2017-12-07T17:07:47Z,2017-12-07T11:39:16Z,public,Illumina HiSeq 3000,metagenome,unspecified,PAIRED,PCR,METAGENOMIC,metagenomes,ILLUMINA,Early signature of aGvHD development in the gut microbiota composition of pediatric patients given allogeneic hematopoietic cell transplantation for hematological disorders,2017-12-08T00:00:00Z,SAMEA104420456,p9p36,Illumina,ERP105598,p9p36,2017-12-13T02:50:00Z,2
ERR2215248,AMPLICON,500,26272500,PRJEB23820,SAMEA104420457,12699114,"MICROBIAL ECOLOGY OF HEALTH UNIT, UNIVERSITY OF BO",2015,public,"fastq,run.zq,sra","ena,gs,ncbi,s3","ena,gs.us-east1,ncbi.public,s3.us-east-1",2017-12-07,2017-12-07,2018-11-16,2017-12-07,4,organic feature,anthropogenic environmental material,human-gut,ERX2269833,SAMEA104420457,Italy,Europe,Italy,45.19825,9.148025,human-gut,"Microbial Ecology of Health UNIT\, University of Bologna","Microbial Ecology of Health UNIT\, University of Bologna",2017-12-07T17:07:47Z,2017-12-07T11:39:16Z,public,Illumina HiSeq 3000,metagenome,unspecified,PAIRED,PCR,METAGENOMIC,metagenomes,ILLUMINA,Early signature of aGvHD development in the gut microbiota composition of pediatric patients given allogeneic hematopoietic cell transplantation for hematological disorders,2017-12-08T00:00:00Z,SAMEA104420457,p9pre,Illumina,ERP105598,p9pre,2017-12-13T02:52:00Z,2
ERR2215249,AMPLICON,500,90213000,PRJEB23820,SAMEA104420458,42887668,"MICROBIAL ECOLOGY OF HEALTH UNIT, UNIVERSITY OF BO",2015,public,"fastq,run.zq,sra","ena,gs,ncbi,s3","ena,gs.us-east1,ncbi.public,s3.us-east-1",2017-12-07,2017-12-07,2018-11-16,2017-12-07,4,organic feature,anthropogenic environmental material,human-gut,ERX2269834,SAMEA104420458,Italy,Europe,Italy,41.857765,12.474656,human-gut,"Microbial Ecology of Health UNIT\, University of Bologna","Microbial Ecology of Health UNIT\, University of Bologna",2017-12-07T17:07:47Z,2017-12-07T11:39:16Z,public,Illumina HiSeq 3000,metagenome,unspecified,PAIRED,PCR,METAGENOMIC,metagenomes,ILLUMINA,Early signature of aGvHD development in the gut microbiota composition of pediatric patients given allogeneic hematopoietic cell transplantation for hematological disorders,2017-12-08T00:00:00Z,SAMEA104420458,r1p24,Illumina,ERP105598,r1p24,2017-12-13T02:52:00Z,2
ERR2215250,AMPLICON,500,31418000,PRJEB23820,SAMEA104420459,14061466,"MICROBIAL ECOLOGY OF HEALTH UNIT, UNIVERSITY OF BO",2015,public,"fastq,run.zq,sra","ena,gs,ncbi,s3","ena,gs.us-east1,ncbi.public,s3.us-east-1",2017-12-07,2017-12-07,2018-11-16,2017-12-07,4,organic feature,anthropogenic environmental material,human-gut,ERX2269835,SAMEA104420459,Italy,Europe,Italy,41.857765,12.474656,human-gut,"Microbial Ecology of Health UNIT\, University of Bologna","Microbial Ecology of Health UNIT\, University of Bologna",2017-12-07T17:07:47Z,2017-12-07T11:39:16Z,public,Illumina HiSeq 3000,metagenome,unspecified,PAIRED,PCR,METAGENOMIC,metagenomes,ILLUMINA,Early signature of aGvHD development in the gut microbiota composition of pediatric patients given allogeneic hematopoietic cell transplantation for hematological disorders,2017-12-08T00:00:00Z,SAMEA104420459,r1p35,Illumina,ERP105598,r1p35,2017-12-13T02:53:00Z,2
ERR2215251,AMPLICON,500,27379500,PRJEB23820,SAMEA104420460,12211767,"MICROBIAL ECOLOGY OF HEALTH UNIT, UNIVERSITY OF BO",2015,public,"fastq,run.zq,sra","ena,gs,ncbi,s3","ena,gs.us-east1,ncbi.public,s3.us-east-1",2017-12-07,2017-12-07,2018-11-16,2017-12-07,4,organic feature,anthropogenic environmental material,human-gut,ERX2269836,SAMEA104420460,Italy,Europe,Italy,41.857765,12.474656,human-gut,"Microbial Ecology of Health UNIT\, University of Bologna","Microbial Ecology of Health UNIT\, University of Bologna",2017-12-07T17:07:47Z,2017-12-07T11:39:16Z,public,Illumina HiSeq 3000,metagenome,unspecified,PAIRED,PCR,METAGENOMIC,metagenomes,ILLUMINA,Early signature of aGvHD development in the gut microbiota composition of pediatric patients given allogeneic hematopoietic cell transplantation for hematological disorders,2017-12-08T00:00:00Z,SAMEA104420460,r1pre,Illumina,ERP105598,r1pre,2017-12-13T02:53:00Z,2
ERR2215252,AMPLICON,500,14896000,PRJEB23820,SAMEA104420461,7212830,"MICROBIAL ECOLOGY OF HEALTH UNIT, UNIVERSITY OF BO",2015,public,"fastq,run.zq,sra","ena,gs,ncbi,s3","ena,gs.us-east1,ncbi.public,s3.us-east-1",2017-12-07,2017-12-07,2018-11-16,2017-12-07,4,organic feature,anthropogenic environmental material,human-gut,ERX2269837,SAMEA104420461,Italy,Europe,Italy,41.857765,12.474656,human-gut,"Microbial Ecology of Health UNIT\, University of Bologna","Microbial Ecology of Health UNIT\, University of Bologna",2017-12-07T17:07:47Z,2017-12-07T11:39:16Z,public,Illumina HiSeq 3000,metagenome,unspecified,PAIRED,PCR,METAGENOMIC,metagenomes,ILLUMINA,Early signature of aGvHD development in the gut microbiota composition of pediatric patients given allogeneic hematopoietic cell transplantation for hematological disorders,2017-12-08T00:00:00Z,SAMEA104420461,r2p21,Illumina,ERP105598,r2p21,2017-12-13T02:53:00Z,2
ERR2215253,AMPLICON,500,31186500,PRJEB23820,SAMEA104420462,14019243,"MICROBIAL ECOLOGY OF HEALTH UNIT, UNIVERSITY OF BO",2016,public,"fastq,run.zq,sra","ena,gs,ncbi,s3","ena,gs.us-east1,ncbi.public,s3.us-east-1",2017-12-07,2017-12-07,2018-11-16,2017-12-07,4,organic feature,anthropogenic environmental material,human-gut,ERX2269838,SAMEA104420462,Italy,Europe,Italy,41.857765,12.474656,human-gut,"Microbial Ecology of Health UNIT\, University of Bologna","Microbial Ecology of Health UNIT\, University of Bologna",2017-12-07T17:07:47Z,2017-12-07T11:39:16Z,public,Illumina HiSeq 3000,metagenome,unspecified,PAIRED,PCR,METAGENOMIC,metagenomes,ILLUMINA,Early signature of aGvHD development in the gut microbiota composition of pediatric patients given allogeneic hematopoietic cell transplantation for hematological disorders,2017-12-08T00:00:00Z,SAMEA104420462,r2p34,Illumina,ERP105598,r2p34,2017-12-13T02:54:00Z,2
ERR2215254,AMPLICON,500,130431500,PRJEB23820,SAMEA104420463,61544965,"MICROBIAL ECOLOGY OF HEALTH UNIT, UNIVERSITY OF BO",2015,public,"fastq,run.zq,sra","ena,gs,ncbi,s3","ena,gs.us-east1,ncbi.public,s3.us-east-1",2017-12-07,2017-12-07,2018-11-16,2017-12-07,4,organic feature,anthropogenic environmental material,human-gut,ERX2269839,SAMEA104420463,Italy,Europe,Italy,41.857765,12.474656,human-gut,"Microbial Ecology of Health UNIT\, University of Bologna","Microbial Ecology of Health UNIT\, University of Bologna",2017-12-07T17:07:47Z,2017-12-07T11:39:16Z,public,Illumina HiSeq 3000,metagenome,unspecified,PAIRED,PCR,METAGENOMIC,metagenomes,ILLUMINA,Early signature of aGvHD development in the gut microbiota composition of pediatric patients given allogeneic hematopoietic cell transplantation for hematological disorders,2017-12-08T00:00:00Z,SAMEA104420463,r2pre,Illumina,ERP105598,r2pre,2017-12-13T02:54:00Z,2
ERR2215255,AMPLICON,500,111636500,PRJEB23820,SAMEA104420464,53912071,"MICROBIAL ECOLOGY OF HEALTH UNIT, UNIVERSITY OF BO",2016,public,"fastq,run.zq,sra","ena,gs,ncbi,s3","ena,gs.us-east1,ncbi.public,s3.us-east-1",2017-12-07,2017-12-07,2018-11-16,2017-12-07,4,organic feature,anthropogenic environmental material,human-gut,ERX2269840,SAMEA104420464,Italy,Europe,Italy,41.857765,12.474656,human-gut,"Microbial Ecology of Health UNIT\, University of Bologna","Microbial Ecology of Health UNIT\, University of Bologna",2017-12-07T17:07:47Z,2017-12-07T11:39:16Z,public,Illumina HiSeq 3000,metagenome,unspecified,PAIRED,PCR,METAGENOMIC,metagenomes,ILLUMINA,Early signature of aGvHD development in the gut microbiota composition of pediatric patients given allogeneic hematopoietic cell transplantation for hematological disorders,2017-12-08T00:00:00Z,SAMEA104420464,r5p17,Illumina,ERP105598,r5p17,2017-12-13T02:54:00Z,2
ERR2215256,AMPLICON,500,52127500,PRJEB23820,SAMEA104420465,23343435,"MICROBIAL ECOLOGY OF HEALTH UNIT, UNIVERSITY OF BO",2016,public,"fastq,run.zq,sra","ena,gs,ncbi,s3","ena,gs.us-east1,ncbi.public,s3.us-east-1",2017-12-07,2017-12-07,2018-11-16,2017-12-07,4,organic feature,anthropogenic environmental material,human-gut,ERX2269841,SAMEA104420465,Italy,Europe,Italy,41.857765,12.474656,human-gut,"Microbial Ecology of Health UNIT\, University of Bologna","Microbial Ecology of Health UNIT\, University of Bologna",2017-12-07T17:07:47Z,2017-12-07T11:39:16Z,public,Illumina HiSeq 3000,metagenome,unspecified,PAIRED,PCR,METAGENOMIC,metagenomes,ILLUMINA,Early signature of aGvHD development in the gut microbiota composition of pediatric patients given allogeneic hematopoietic cell transplantation for hematological disorders,2017-12-08T00:00:00Z,SAMEA104420465,r5p36,Illumina,ERP105598,r5p36,2017-12-13T02:55:00Z,2
ERR2215257,AMPLICON,500,34410000,PRJEB23820,SAMEA104420466,16521124,"MICROBIAL ECOLOGY OF HEALTH UNIT, UNIVERSITY OF BO",2015,public,"fastq,run.zq,sra","ena,gs,ncbi,s3","ena,gs.us-east1,ncbi.public,s3.us-east-1",2017-12-07,2017-12-07,2018-11-16,2017-12-07,4,organic feature,anthropogenic environmental material,human-gut,ERX2269842,SAMEA104420466,Italy,Europe,Italy,41.857765,12.474656,human-gut,"Microbial Ecology of Health UNIT\, University of Bologna","Microbial Ecology of Health UNIT\, University of Bologna",2017-12-07T17:07:47Z,2017-12-07T11:39:16Z,public,Illumina HiSeq 3000,metagenome,unspecified,PAIRED,PCR,METAGENOMIC,metagenomes,ILLUMINA,Early signature of aGvHD development in the gut microbiota composition of pediatric patients given allogeneic hematopoietic cell transplantation for hematological disorders,2017-12-08T00:00:00Z,SAMEA104420466,r5pre,Illumina,ERP105598,r5pre,2017-12-13T02:56:00Z,2
ERR2215258,AMPLICON,500,99568500,PRJEB23820,SAMEA104420467,44254365,"MICROBIAL ECOLOGY OF HEALTH UNIT, UNIVERSITY OF BO",2016,public,"fastq,run.zq,sra","ena,gs,ncbi,s3","ena,gs.us-east1,ncbi.public,s3.us-east-1",2017-12-07,2017-12-07,2018-11-16,2017-12-07,4,organic feature,anthropogenic environmental material,human-gut,ERX2269843,SAMEA104420467,Italy,Europe,Italy,41.857765,12.474656,human-gut,"Microbial Ecology of Health UNIT\, University of Bologna","Microbial Ecology of Health UNIT\, University of Bologna",2017-12-07T17:07:47Z,2017-12-07T11:39:16Z,public,Illumina HiSeq 3000,metagenome,unspecified,PAIRED,PCR,METAGENOMIC,metagenomes,ILLUMINA,Early signature of aGvHD development in the gut microbiota composition of pediatric patients given allogeneic hematopoietic cell transplantation for hematological disorders,2017-12-08T00:00:00Z,SAMEA104420467,r6p16,Illumina,ERP105598,r6p16,2017-12-13T02:56:00Z,2
ERR2215259,AMPLICON,500,41970000,PRJEB23820,SAMEA104420468,18917332,"MICROBIAL ECOLOGY OF HEALTH UNIT, UNIVERSITY OF BO",2016,public,"fastq,run.zq,sra","ena,gs,ncbi,s3","ena,gs.us-east1,ncbi.public,s3.us-east-1",2017-12-07,2017-12-07,2018-11-16,2017-12-07,4,organic feature,anthropogenic environmental material,human-gut,ERX2269844,SAMEA104420468,Italy,Europe,Italy,41.857765,12.474656,human-gut,"Microbial Ecology of Health UNIT\, University of Bologna","Microbial Ecology of Health UNIT\, University of Bologna",2017-12-07T17:07:47Z,2017-12-07T11:39:16Z,public,Illumina HiSeq 3000,metagenome,unspecified,PAIRED,PCR,METAGENOMIC,metagenomes,ILLUMINA,Early signature of aGvHD development in the gut microbiota composition of pediatric patients given allogeneic hematopoietic cell transplantation for hematological disorders,2017-12-08T00:00:00Z,SAMEA104420468,r6p29,Illumina,ERP105598,r6p29,2017-12-13T02:57:00Z,2
ERR2215260,AMPLICON,500,38219000,PRJEB23820,SAMEA104420469,17267082,"MICROBIAL ECOLOGY OF HEALTH UNIT, UNIVERSITY OF BO",2015,public,"fastq,run.zq,sra","ena,gs,ncbi,s3","ena,gs.us-east1,ncbi.public,s3.us-east-1",2017-12-07,2017-12-07,2018-11-16,2017-12-07,4,organic feature,anthropogenic environmental material,human-gut,ERX2269845,SAMEA104420469,Italy,Europe,Italy,41.857765,12.474656,human-gut,"Microbial Ecology of Health UNIT\, University of Bologna","Microbial Ecology of Health UNIT\, University of Bologna",2017-12-07T17:07:47Z,2017-12-07T11:39:16Z,public,Illumina HiSeq 3000,metagenome,unspecified,PAIRED,PCR,METAGENOMIC,metagenomes,ILLUMINA,Early signature of aGvHD development in the gut microbiota composition of pediatric patients given allogeneic hematopoietic cell transplantation for hematological disorders,2017-12-08T00:00:00Z,SAMEA104420469,r6pre,Illumina,ERP105598,r6pre,2017-12-13T02:58:00Z,2
ERR2215261,AMPLICON,500,15940000,PRJEB23820,SAMEA104420470,7714486,"MICROBIAL ECOLOGY OF HEALTH UNIT, UNIVERSITY OF BO",2015,public,"fastq,run.zq,sra","ena,gs,ncbi,s3","ena,gs.us-east1,ncbi.public,s3.us-east-1",2017-12-07,2017-12-07,2018-11-16,2017-12-07,4,organic feature,anthropogenic environmental material,human-gut,ERX2269846,SAMEA104420470,Italy,Europe,Italy,41.857765,12.474656,human-gut,"Microbial Ecology of Health UNIT\, University of Bologna","Microbial Ecology of Health UNIT\, University of Bologna",2017-12-07T17:07:47Z,2017-12-07T11:39:16Z,public,Illumina HiSeq 3000,metagenome,unspecified,PAIRED,PCR,METAGENOMIC,metagenomes,ILLUMINA,Early signature of aGvHD development in the gut microbiota composition of pediatric patients given allogeneic hematopoietic cell transplantation for hematological disorders,2017-12-08T00:00:00Z,SAMEA104420470,r7p18,Illumina,ERP105598,r7p18,2017-12-13T02:58:00Z,2
ERR2215262,AMPLICON,500,57761000,PRJEB23820,SAMEA104420471,27684066,"MICROBIAL ECOLOGY OF HEALTH UNIT, UNIVERSITY OF BO",2015,public,"fastq,run.zq,sra","ena,gs,ncbi,s3","ena,gs.us-east1,ncbi.public,s3.us-east-1",2017-12-07,2017-12-07,2018-11-16,2017-12-07,4,organic feature,anthropogenic environmental material,human-gut,ERX2269847,SAMEA104420471,Italy,Europe,Italy,41.857765,12.474656,human-gut,"Microbial Ecology of Health UNIT\, University of Bologna","Microbial Ecology of Health UNIT\, University of Bologna",2017-12-07T17:07:47Z,2017-12-07T11:39:16Z,public,Illumina HiSeq 3000,metagenome,unspecified,PAIRED,PCR,METAGENOMIC,metagenomes,ILLUMINA,Early signature of aGvHD development in the gut microbiota composition of pediatric patients given allogeneic hematopoietic cell transplantation for hematological disorders,2017-12-08T00:00:00Z,SAMEA104420471,r7p32,Illumina,ERP105598,r7p32,2017-12-13T02:58:00Z,2
ERR2215263,AMPLICON,500,10493500,PRJEB23820,SAMEA104420472,5122558,"MICROBIAL ECOLOGY OF HEALTH UNIT, UNIVERSITY OF BO",2015,public,"fastq,run.zq,sra","ena,gs,ncbi,s3","ena,gs.us-east1,ncbi.public,s3.us-east-1",2017-12-07,2017-12-07,2018-11-16,2017-12-07,4,organic feature,anthropogenic environmental material,human-gut,ERX2269848,SAMEA104420472,Italy,Europe,Italy,41.857765,12.474656,human-gut,"Microbial Ecology of Health UNIT\, University of Bologna","Microbial Ecology of Health UNIT\, University of Bologna",2017-12-07T17:07:47Z,2017-12-07T11:39:16Z,public,Illumina HiSeq 3000,metagenome,unspecified,PAIRED,PCR,METAGENOMIC,metagenomes,ILLUMINA,Early signature of aGvHD development in the gut microbiota composition of pediatric patients given allogeneic hematopoietic cell transplantation for hematological disorders,2017-12-08T00:00:00Z,SAMEA104420472,r7pre,Illumina,ERP105598,r7pre,2017-12-13T02:59:00Z,2
ERR2215264,AMPLICON,500,56013000,PRJEB23820,SAMEA104420473,26850045,"MICROBIAL ECOLOGY OF HEALTH UNIT, UNIVERSITY OF BO",2015,public,"fastq,run.zq,sra","ena,gs,ncbi,s3","ena,gs.us-east1,ncbi.public,s3.us-east-1",2017-12-07,2017-12-07,2018-11-16,2017-12-07,4,organic feature,anthropogenic environmental material,human-gut,ERX2269849,SAMEA104420473,Italy,Europe,Italy,41.857765,12.474656,human-gut,"Microbial Ecology of Health UNIT\, University of Bologna","Microbial Ecology of Health UNIT\, University of Bologna",2017-12-07T17:07:47Z,2017-12-07T11:39:16Z,public,Illumina HiSeq 3000,metagenome,unspecified,PAIRED,PCR,METAGENOMIC,metagenomes,ILLUMINA,Early signature of aGvHD development in the gut microbiota composition of pediatric patients given allogeneic hematopoietic cell transplantation for hematological disorders,2017-12-08T00:00:00Z,SAMEA104420473,r8p19,Illumina,ERP105598,r8p19,2017-12-13T02:59:00Z,2
ERR2215265,AMPLICON,500,40007500,PRJEB23820,SAMEA104420474,19306439,"MICROBIAL ECOLOGY OF HEALTH UNIT, UNIVERSITY OF BO",2016,public,"fastq,run.zq,sra","ena,gs,ncbi,s3","ena,gs.us-east1,ncbi.public,s3.us-east-1",2017-12-07,2017-12-07,2018-11-16,2017-12-07,4,organic feature,anthropogenic environmental material,human-gut,ERX2269850,SAMEA104420474,Italy,Europe,Italy,41.857765,12.474656,human-gut,"Microbial Ecology of Health UNIT\, University of Bologna","Microbial Ecology of Health UNIT\, University of Bologna",2017-12-07T17:07:47Z,2017-12-07T11:39:16Z,public,Illumina HiSeq 3000,metagenome,unspecified,PAIRED,PCR,METAGENOMIC,metagenomes,ILLUMINA,Early signature of aGvHD development in the gut microbiota composition of pediatric patients given allogeneic hematopoietic cell transplantation for hematological disorders,2017-12-08T00:00:00Z,SAMEA104420474,r8p37,Illumina,ERP105598,r8p37,2017-12-13T03:00:00Z,2
ERR2215266,AMPLICON,500,12249500,PRJEB23820,SAMEA104420475,6049394,"MICROBIAL ECOLOGY OF HEALTH UNIT, UNIVERSITY OF BO",2015,public,"fastq,run.zq,sra","ena,gs,ncbi,s3","ena,gs.us-east1,ncbi.public,s3.us-east-1",2017-12-07,2017-12-07,2018-11-16,2017-12-07,4,organic feature,anthropogenic environmental material,human-gut,ERX2269851,SAMEA104420475,Italy,Europe,Italy,41.857765,12.474656,human-gut,"Microbial Ecology of Health UNIT\, University of Bologna","Microbial Ecology of Health UNIT\, University of Bologna",2017-12-07T17:07:47Z,2017-12-07T11:39:16Z,public,Illumina HiSeq 3000,metagenome,unspecified,PAIRED,PCR,METAGENOMIC,metagenomes,ILLUMINA,Early signature of aGvHD development in the gut microbiota composition of pediatric patients given allogeneic hematopoietic cell transplantation for hematological disorders,2017-12-08T00:00:00Z,SAMEA104420475,r8pre,Illumina,ERP105598,r8pre,2017-12-13T03:00:00Z,2
ERR2215267,AMPLICON,500,132628500,PRJEB23820,SAMEA104420476,63731583,"MICROBIAL ECOLOGY OF HEALTH UNIT, UNIVERSITY OF BO",2015,public,"fastq,run.zq,sra","ena,gs,ncbi,s3","ena,gs.us-east1,ncbi.public,s3.us-east-1",2017-12-07,2017-12-07,2018-11-16,2017-12-07,4,organic feature,anthropogenic environmental material,human-gut,ERX2269852,SAMEA104420476,Italy,Europe,Italy,45.452387,10.98452,human-gut,"Microbial Ecology of Health UNIT\, University of Bologna","Microbial Ecology of Health UNIT\, University of Bologna",2017-12-07T17:07:47Z,2017-12-07T11:39:16Z,public,Illumina HiSeq 3000,metagenome,unspecified,PAIRED,PCR,METAGENOMIC,metagenomes,ILLUMINA,Early signature of aGvHD development in the gut microbiota composition of pediatric patients given allogeneic hematopoietic cell transplantation for hematological disorders,2017-12-08T00:00:00Z,SAMEA104420476,v1p17,Illumina,ERP105598,v1p17,2017-12-13T03:01:00Z,2
ERR2215268,AMPLICON,500,8890500,PRJEB23820,SAMEA104420477,4374464,"MICROBIAL ECOLOGY OF HEALTH UNIT, UNIVERSITY OF BO",2015,public,"fastq,run.zq,sra","ena,gs,ncbi,s3","ena,gs.us-east1,ncbi.public,s3.us-east-1",2017-12-07,2017-12-07,2018-11-16,2017-12-07,4,organic feature,anthropogenic environmental material,human-gut,ERX2269853,SAMEA104420477,Italy,Europe,Italy,45.452387,10.98452,human-gut,"Microbial Ecology of Health UNIT\, University of Bologna","Microbial Ecology of Health UNIT\, University of Bologna",2017-12-07T17:07:47Z,2017-12-07T11:39:16Z,public,Illumina HiSeq 3000,metagenome,unspecified,PAIRED,PCR,METAGENOMIC,metagenomes,ILLUMINA,Early signature of aGvHD development in the gut microbiota composition of pediatric patients given allogeneic hematopoietic cell transplantation for hematological disorders,2017-12-08T00:00:00Z,SAMEA104420477,v1p31,Illumina,ERP105598,v1p31,2017-12-13T03:01:00Z,2
ERR2215269,AMPLICON,500,94566500,PRJEB23820,SAMEA104420478,45420260,"MICROBIAL ECOLOGY OF HEALTH UNIT, UNIVERSITY OF BO",2015,public,"fastq,run.zq,sra","ena,gs,ncbi,s3","ena,gs.us-east1,ncbi.public,s3.us-east-1",2017-12-07,2017-12-07,2018-11-16,2017-12-07,4,organic feature,anthropogenic environmental material,human-gut,ERX2269854,SAMEA104420478,Italy,Europe,Italy,45.452387,10.98452,human-gut,"Microbial Ecology of Health UNIT\, University of Bologna","Microbial Ecology of Health UNIT\, University of Bologna",2017-12-07T17:07:47Z,2017-12-07T11:39:16Z,public,Illumina HiSeq 3000,metagenome,unspecified,PAIRED,PCR,METAGENOMIC,metagenomes,ILLUMINA,Early signature of aGvHD development in the gut microbiota composition of pediatric patients given allogeneic hematopoietic cell transplantation for hematological disorders,2017-12-08T00:00:00Z,SAMEA104420478,v1pre,Illumina,ERP105598,v1pre,2017-12-13T03:01:00Z,2
ERR2215270,AMPLICON,500,119980500,PRJEB23820,SAMEA104420479,56753756,"MICROBIAL ECOLOGY OF HEALTH UNIT, UNIVERSITY OF BO",2015,public,"fastq,run.zq,sra","ena,gs,ncbi,s3","ena,gs.us-east1,ncbi.public,s3.us-east-1",2017-12-07,2017-12-07,2018-11-16,2017-12-07,4,organic feature,anthropogenic environmental material,human-gut,ERX2269855,SAMEA104420479,Italy,Europe,Italy,45.452387,10.98452,human-gut,"Microbial Ecology of Health UNIT\, University of Bologna","Microbial Ecology of Health UNIT\, University of Bologna",2017-12-07T17:07:47Z,2017-12-07T11:39:16Z,public,Illumina HiSeq 3000,metagenome,unspecified,PAIRED,PCR,METAGENOMIC,metagenomes,ILLUMINA,Early signature of aGvHD development in the gut microbiota composition of pediatric patients given allogeneic hematopoietic cell transplantation for hematological disorders,2017-12-08T00:00:00Z,SAMEA104420479,v2p21,Illumina,ERP105598,v2p21,2017-12-13T03:02:00Z,2
ERR2215271,AMPLICON,500,105279500,PRJEB23820,SAMEA104420480,46643973,"MICROBIAL ECOLOGY OF HEALTH UNIT, UNIVERSITY OF BO",2015,public,"fastq,run.zq,sra","ena,gs,ncbi,s3","ena,gs.us-east1,ncbi.public,s3.us-east-1",2017-12-07,2017-12-07,2018-11-16,2017-12-07,4,organic feature,anthropogenic environmental material,human-gut,ERX2269856,SAMEA104420480,Italy,Europe,Italy,45.452387,10.98452,human-gut,"Microbial Ecology of Health UNIT\, University of Bologna","Microbial Ecology of Health UNIT\, University of Bologna",2017-12-07T17:07:47Z,2017-12-07T11:39:16Z,public,Illumina HiSeq 3000,metagenome,unspecified,PAIRED,PCR,METAGENOMIC,metagenomes,ILLUMINA,Early signature of aGvHD development in the gut microbiota composition of pediatric patients given allogeneic hematopoietic cell transplantation for hematological disorders,2017-12-08T00:00:00Z,SAMEA104420480,v2p80,Illumina,ERP105598,v2p80,2017-12-13T03:03:00Z,2
ERR2215272,AMPLICON,500,39524500,PRJEB23820,SAMEA104420481,19115428,"MICROBIAL ECOLOGY OF HEALTH UNIT, UNIVERSITY OF BO",2015,public,"fastq,run.zq,sra","ena,gs,ncbi,s3","ena,gs.us-east1,ncbi.public,s3.us-east-1",2017-12-07,2017-12-07,2018-11-16,2017-12-07,4,organic feature,anthropogenic environmental material,human-gut,ERX2269857,SAMEA104420481,Italy,Europe,Italy,45.452387,10.98452,human-gut,"Microbial Ecology of Health UNIT\, University of Bologna","Microbial Ecology of Health UNIT\, University of Bologna",2017-12-07T17:07:47Z,2017-12-07T11:39:16Z,public,Illumina HiSeq 3000,metagenome,unspecified,PAIRED,PCR,METAGENOMIC,metagenomes,ILLUMINA,Early signature of aGvHD development in the gut microbiota composition of pediatric patients given allogeneic hematopoietic cell transplantation for hematological disorders,2017-12-08T00:00:00Z,SAMEA104420481,v2pre,Illumina,ERP105598,v2pre,2017-12-13T03:03:00Z,2
ERR2215273,AMPLICON,500,44836500,PRJEB23820,SAMEA104420482,19852100,"MICROBIAL ECOLOGY OF HEALTH UNIT, UNIVERSITY OF BO",2015,public,"fastq,run.zq,sra","ena,gs,ncbi,s3","ena,gs.us-east1,ncbi.public,s3.us-east-1",2017-12-07,2017-12-07,2018-11-16,2017-12-07,4,organic feature,anthropogenic environmental material,human-gut,ERX2269858,SAMEA104420482,Italy,Europe,Italy,45.452387,10.98452,human-gut,"Microbial Ecology of Health UNIT\, University of Bologna","Microbial Ecology of Health UNIT\, University of Bologna",2017-12-07T17:07:47Z,2017-12-07T11:39:16Z,public,Illumina HiSeq 3000,metagenome,unspecified,PAIRED,PCR,METAGENOMIC,metagenomes,ILLUMINA,Early signature of aGvHD development in the gut microbiota composition of pediatric patients given allogeneic hematopoietic cell transplantation for hematological disorders,2017-12-08T00:00:00Z,SAMEA104420482,v3p20,Illumina,ERP105598,v3p20,2017-12-13T03:04:00Z,2
ERR2215274,AMPLICON,500,32585000,PRJEB23820,SAMEA104420483,14845218,"MICROBIAL ECOLOGY OF HEALTH UNIT, UNIVERSITY OF BO",2015,public,"fastq,run.zq,sra","ena,gs,ncbi,s3","ena,gs.us-east1,ncbi.public,s3.us-east-1",2017-12-07,2017-12-07,2018-11-16,2017-12-07,4,organic feature,anthropogenic environmental material,human-gut,ERX2269859,SAMEA104420483,Italy,Europe,Italy,45.452387,10.98452,human-gut,"Microbial Ecology of Health UNIT\, University of Bologna","Microbial Ecology of Health UNIT\, University of Bologna",2017-12-07T17:07:47Z,2017-12-07T11:39:16Z,public,Illumina HiSeq 3000,metagenome,unspecified,PAIRED,PCR,METAGENOMIC,metagenomes,ILLUMINA,Early signature of aGvHD development in the gut microbiota composition of pediatric patients given allogeneic hematopoietic cell transplantation for hematological disorders,2017-12-08T00:00:00Z,SAMEA104420483,v3p33,Illumina,ERP105598,v3p33,2017-12-13T03:04:00Z,2
ERR2215275,AMPLICON,500,82026000,PRJEB23820,SAMEA104420484,36199376,"MICROBIAL ECOLOGY OF HEALTH UNIT, UNIVERSITY OF BO",2015,public,"fastq,run.zq,sra","ena,gs,ncbi,s3","ena,gs.us-east1,ncbi.public,s3.us-east-1",2017-12-07,2017-12-07,2018-11-16,2017-12-07,4,organic feature,anthropogenic environmental material,human-gut,ERX2269860,SAMEA104420484,Italy,Europe,Italy,45.452387,10.98452,human-gut,"Microbial Ecology of Health UNIT\, University of Bologna","Microbial Ecology of Health UNIT\, University of Bologna",2017-12-07T17:07:47Z,2017-12-07T11:39:16Z,public,Illumina HiSeq 3000,metagenome,unspecified,PAIRED,PCR,METAGENOMIC,metagenomes,ILLUMINA,Early signature of aGvHD development in the gut microbiota composition of pediatric patients given allogeneic hematopoietic cell transplantation for hematological disorders,2017-12-08T00:00:00Z,SAMEA104420484,v3pre,Illumina,ERP105598,v3pre,2017-12-13T03:05:00Z,2
ERR2215276,AMPLICON,500,130681500,PRJEB23820,SAMEA104420485,61753064,"MICROBIAL ECOLOGY OF HEALTH UNIT, UNIVERSITY OF BO",2015,public,"fastq,run.zq,sra","ena,gs,ncbi,s3","ena,gs.us-east1,ncbi.public,s3.us-east-1",2017-12-07,2017-12-07,2018-11-16,2017-12-07,4,organic feature,anthropogenic environmental material,human-gut,ERX2269861,SAMEA104420485,Italy,Europe,Italy,45.452387,10.98452,human-gut,"Microbial Ecology of Health UNIT\, University of Bologna","Microbial Ecology of Health UNIT\, University of Bologna",2017-12-07T17:07:47Z,2017-12-07T11:39:16Z,public,Illumina HiSeq 3000,metagenome,unspecified,PAIRED,PCR,METAGENOMIC,metagenomes,ILLUMINA,Early signature of aGvHD development in the gut microbiota composition of pediatric patients given allogeneic hematopoietic cell transplantation for hematological disorders,2017-12-08T00:00:00Z,SAMEA104420485,v5p12,Illumina,ERP105598,v5p12,2017-12-13T03:05:00Z,2
ERR2215277,AMPLICON,500,52542000,PRJEB23820,SAMEA104420486,25329448,"MICROBIAL ECOLOGY OF HEALTH UNIT, UNIVERSITY OF BO",2016,public,"fastq,run.zq,sra","ena,gs,ncbi,s3","ena,gs.us-east1,ncbi.public,s3.us-east-1",2017-12-07,2017-12-07,2018-11-16,2017-12-07,4,organic feature,anthropogenic environmental material,human-gut,ERX2269862,SAMEA104420486,Italy,Europe,Italy,45.452387,10.98452,human-gut,"Microbial Ecology of Health UNIT\, University of Bologna","Microbial Ecology of Health UNIT\, University of Bologna",2017-12-07T17:07:47Z,2017-12-07T11:39:16Z,public,Illumina HiSeq 3000,metagenome,unspecified,PAIRED,PCR,METAGENOMIC,metagenomes,ILLUMINA,Early signature of aGvHD development in the gut microbiota composition of pediatric patients given allogeneic hematopoietic cell transplantation for hematological disorders,2017-12-08T00:00:00Z,SAMEA104420486,v5p38,Illumina,ERP105598,v5p38,2017-12-13T03:06:00Z,2
ERR2215278,AMPLICON,500,27620000,PRJEB23820,SAMEA104420487,12298994,"MICROBIAL ECOLOGY OF HEALTH UNIT, UNIVERSITY OF BO",2015,public,"fastq,run.zq,sra","ena,gs,ncbi,s3","ena,gs.us-east1,ncbi.public,s3.us-east-1",2017-12-07,2017-12-07,2018-11-16,2017-12-07,4,organic feature,anthropogenic environmental material,human-gut,ERX2269863,SAMEA104420487,Italy,Europe,Italy,45.452387,10.98452,human-gut,"Microbial Ecology of Health UNIT\, University of Bologna","Microbial Ecology of Health UNIT\, University of Bologna",2017-12-07T17:07:47Z,2017-12-07T11:39:16Z,public,Illumina HiSeq 3000,metagenome,unspecified,PAIRED,PCR,METAGENOMIC,metagenomes,ILLUMINA,Early signature of aGvHD development in the gut microbiota composition of pediatric patients given allogeneic hematopoietic cell transplantation for hematological disorders,2017-12-08T00:00:00Z,SAMEA104420487,v5pre,Illumina,ERP105598,v5pre,2017-12-13T03:07:00Z,2
