Run,Assay Type,AvgSpotLen,Bases,BioProject,BioSample,BioSampleModel,Bytes,Center Name,Collection_Date,Consent,DATASTORE filetype,DATASTORE provider,DATASTORE region,Experiment,geo_loc_name_country,geo_loc_name_country_continent,geo_loc_name,HOST,hostid,Instrument,isolate,isolation_source,lat_lon,Library Name,LibraryLayout,LibrarySelection,LibrarySource,Organism,Platform,ReleaseDate,create_date,version,Sample Name,sample_type,SRA Study
SRR10572396,WGA,462,7380361,PRJNA592853,SAMN13441094,Metagenome or environmental,4827711,UNIVERSITY OF BOLOGNA,not available,public,"run.zq,fastq,sra","gs,s3,ncbi","ncbi.public,gs.us-east1,s3.us-east-1",SRX7253984,Italy,Europe,Italy:Bologna,Homo sapiens,BP5P74,Illumina MiSeq,human feces,human gut,missing,BP5P74,SINGLE,PCR,GENOMIC,human gut metagenome,ILLUMINA,2019-12-03T00:00:00Z,2019-12-02T17:02:00Z,1,BP5P74,metagenomic assembly,SRP234378
SRR10572397,WGA,457,2205082,PRJNA592853,SAMN13441093,Metagenome or environmental,1497888,UNIVERSITY OF BOLOGNA,not available,public,"sra,run.zq,fastq","gs,s3,ncbi","ncbi.public,gs.us-east1,s3.us-east-1",SRX7253983,Italy,Europe,Italy:Bologna,Homo sapiens,BP5P60,Illumina MiSeq,human feces,human gut,missing,BP5P60,SINGLE,PCR,GENOMIC,human gut metagenome,ILLUMINA,2019-12-03T00:00:00Z,2019-12-02T17:02:00Z,1,BP5P60,metagenomic assembly,SRP234378
SRR10572398,WGA,458,13582826,PRJNA592853,SAMN13441092,Metagenome or environmental,8586763,UNIVERSITY OF BOLOGNA,not available,public,"sra,fastq,run.zq","s3,gs,ncbi","gs.us-east1,ncbi.public,s3.us-east-1",SRX7253982,Italy,Europe,Italy:Bologna,Homo sapiens,BP5P57,Illumina MiSeq,human feces,human gut,missing,BP5P57,SINGLE,PCR,GENOMIC,human gut metagenome,ILLUMINA,2019-12-03T00:00:00Z,2019-12-02T17:02:00Z,1,BP5P57,metagenomic assembly,SRP234378
SRR10572399,WGA,455,13478831,PRJNA592853,SAMN13441091,Metagenome or environmental,8512361,UNIVERSITY OF BOLOGNA,not available,public,"fastq,run.zq,sra","ncbi,gs,s3","gs.us-east1,s3.us-east-1,ncbi.public",SRX7253981,Italy,Europe,Italy:Bologna,Homo sapiens,BP5P52,Illumina MiSeq,human feces,human gut,missing,BP5P52,SINGLE,PCR,GENOMIC,human gut metagenome,ILLUMINA,2019-12-03T00:00:00Z,2019-12-02T17:02:00Z,1,BP5P52,metagenomic assembly,SRP234378
SRR10572400,WGA,459,13535404,PRJNA592853,SAMN13441090,Metagenome or environmental,8661577,UNIVERSITY OF BOLOGNA,not available,public,"run.zq,sra,fastq","gs,s3,ncbi","gs.us-east1,ncbi.public,s3.us-east-1",SRX7253980,Italy,Europe,Italy:Bologna,Homo sapiens,BP5P47,Illumina MiSeq,human feces,human gut,missing,BP5P47,SINGLE,PCR,GENOMIC,human gut metagenome,ILLUMINA,2019-12-03T00:00:00Z,2019-12-02T17:02:00Z,1,BP5P47,metagenomic assembly,SRP234378
SRR10572401,WGA,460,13656430,PRJNA592853,SAMN13441089,Metagenome or environmental,8406203,UNIVERSITY OF BOLOGNA,not available,public,"fastq,run.zq,sra","gs,s3,ncbi","ncbi.public,gs.us-east1,s3.us-east-1",SRX7253979,Italy,Europe,Italy:Bologna,Homo sapiens,BP5P39,Illumina MiSeq,human feces,human gut,missing,BP5P39,SINGLE,PCR,GENOMIC,human gut metagenome,ILLUMINA,2019-12-03T00:00:00Z,2019-12-02T17:02:00Z,1,BP5P39,metagenomic assembly,SRP234378
SRR10572409,WGA,456,11126860,PRJNA592853,SAMN13441082,Metagenome or environmental,7300705,UNIVERSITY OF BOLOGNA,not available,public,"sra,fastq,run.zq","ncbi,gs,s3","gs.us-east1,s3.us-east-1,ncbi.public",SRX7253971,Italy,Europe,Italy:Bologna,Homo sapiens,BP3P48,Illumina MiSeq,human feces,human gut,missing,BP3P48,SINGLE,PCR,GENOMIC,human gut metagenome,ILLUMINA,2019-12-05T00:00:00Z,2019-12-02T17:03:00Z,1,BP3P48,metagenomic assembly,SRP234378
SRR10572410,WGA,461,3279400,PRJNA592853,SAMN13441081,Metagenome or environmental,2165611,UNIVERSITY OF BOLOGNA,not available,public,"sra,fastq,run.zq","ncbi,gs,s3","s3.us-east-1,ncbi.public,gs.us-east1",SRX7253970,Italy,Europe,Italy:Bologna,Homo sapiens,BP3P37,Illumina MiSeq,human feces,human gut,missing,BP3P37,SINGLE,PCR,GENOMIC,human gut metagenome,ILLUMINA,2019-12-03T00:00:00Z,2019-12-02T17:02:00Z,1,BP3P37,metagenomic assembly,SRP234378
SRR10572415,WGA,458,13539822,PRJNA592853,SAMN13441023,Metagenome or environmental,8572199,UNIVERSITY OF BOLOGNA,not available,public,"run.zq,fastq,sra","gs,ncbi,s3","gs.us-east1,ncbi.public,s3.us-east-1",SRX7253965,Italy,Europe,Italy:Bologna,Homo sapiens,BE1P62,Illumina MiSeq,human feces,human gut,missing,BE1P62,SINGLE,PCR,GENOMIC,human gut metagenome,ILLUMINA,2019-12-03T00:00:00Z,2019-12-02T17:03:00Z,1,BE1P62,metagenomic assembly,SRP234378
SRR10572416,WGA,451,8789846,PRJNA592853,SAMN13441076,Metagenome or environmental,5923409,UNIVERSITY OF BOLOGNA,not available,public,"run.zq,fastq,sra","ncbi,gs,s3","ncbi.public,s3.us-east-1,gs.us-east1",SRX7253964,Italy,Europe,Italy:Bologna,Homo sapiens,BP1PRE,Illumina MiSeq,human feces,human gut,missing,BP1PRE,SINGLE,PCR,GENOMIC,human gut metagenome,ILLUMINA,2019-12-03T00:00:00Z,2019-12-02T17:03:00Z,1,BP1PRE,metagenomic assembly,SRP234378
SRR10572421,WGA,464,11978043,PRJNA592853,SAMN13441071,Metagenome or environmental,7714744,UNIVERSITY OF BOLOGNA,not available,public,"run.zq,fastq,sra","gs,ncbi,s3","ncbi.public,gs.us-east1,s3.us-east-1",SRX7253959,Italy,Europe,Italy:Bologna,Homo sapiens,BP10P25,Illumina MiSeq,human feces,human gut,missing,BP10P25,SINGLE,PCR,GENOMIC,human gut metagenome,ILLUMINA,2019-12-03T00:00:00Z,2019-12-02T17:03:00Z,1,BP10P25,metagenomic assembly,SRP234378
SRR10572422,WGA,459,8391253,PRJNA592853,SAMN13441070,Metagenome or environmental,5501200,UNIVERSITY OF BOLOGNA,not available,public,"run.zq,fastq,sra","ncbi,s3,gs","ncbi.public,s3.us-east-1,gs.us-east1",SRX7253958,Italy,Europe,Italy:Bologna,Homo sapiens,BP10P16,Illumina MiSeq,human feces,human gut,missing,BP10P16,SINGLE,PCR,GENOMIC,human gut metagenome,ILLUMINA,2019-12-03T00:00:00Z,2019-12-02T17:03:00Z,1,BP10P16,metagenomic assembly,SRP234378
SRR10572423,WGA,455,13374838,PRJNA592853,SAMN13441069,Metagenome or environmental,8884121,UNIVERSITY OF BOLOGNA,not available,public,"sra,fastq,run.zq","ncbi,s3,gs","ncbi.public,s3.us-east-1,gs.us-east1",SRX7253957,Italy,Europe,Italy:Bologna,Homo sapiens,BE9PRE,Illumina MiSeq,human feces,human gut,missing,BE9PRE,SINGLE,PCR,GENOMIC,human gut metagenome,ILLUMINA,2019-12-03T00:00:00Z,2019-12-02T17:03:00Z,1,BE9PRE,metagenomic assembly,SRP234378
SRR10572472,WGA,448,13041743,PRJNA592853,SAMN13441020,Metagenome or environmental,8830436,UNIVERSITY OF BOLOGNA,not available,public,"run.zq,sra,fastq","s3,gs,ncbi","ncbi.public,s3.us-east-1,gs.us-east1",SRX7253908,Italy,Europe,Italy:Bologna,Homo sapiens,BE10PRE,Illumina MiSeq,human feces,human gut,missing,BE10PRE,SINGLE,PCR,GENOMIC,human gut metagenome,ILLUMINA,2019-12-03T00:00:00Z,2019-12-02T17:03:00Z,1,BE10PRE,metagenomic assembly,SRP234378
SRR10572473,WGA,455,7837169,PRJNA592853,SAMN13441046,Metagenome or environmental,5087953,UNIVERSITY OF BOLOGNA,not available,public,"run.zq,sra,fastq","gs,s3,ncbi","ncbi.public,gs.us-east1,s3.us-east-1",SRX7253907,Italy,Europe,Italy:Bologna,Homo sapiens,BE5P35,Illumina MiSeq,human feces,human gut,missing,BE5P35,SINGLE,PCR,GENOMIC,human gut metagenome,ILLUMINA,2019-12-03T00:00:00Z,2019-12-02T17:03:00Z,1,BE5P35,metagenomic assembly,SRP234378
SRR10572489,WGA,447,13233914,PRJNA592853,SAMN13441031,Metagenome or environmental,8661587,UNIVERSITY OF BOLOGNA,not available,public,"sra,fastq,run.zq","gs,ncbi,s3","s3.us-east-1,ncbi.public,gs.us-east1",SRX7253891,Italy,Europe,Italy:Bologna,Homo sapiens,BE2PRE,Illumina MiSeq,human feces,human gut,missing,BE2PRE,SINGLE,PCR,GENOMIC,human gut metagenome,ILLUMINA,2019-12-03T00:00:00Z,2019-12-02T17:03:00Z,1,BE2PRE,metagenomic assembly,SRP234378
SRR10572490,WGA,450,9206573,PRJNA592853,SAMN13441030,Metagenome or environmental,5999922,UNIVERSITY OF BOLOGNA,not available,public,"run.zq,fastq,sra","s3,ncbi,gs","s3.us-east-1,gs.us-east1,ncbi.public",SRX7253890,Italy,Europe,Italy:Bologna,Homo sapiens,BE2P55,Illumina MiSeq,human feces,human gut,missing,BE2P55,SINGLE,PCR,GENOMIC,human gut metagenome,ILLUMINA,2019-12-03T00:00:00Z,2019-12-02T17:03:00Z,1,BE2P55,metagenomic assembly,SRP234378
SRR10572493,WGA,444,12208111,PRJNA592853,SAMN13441120,Metagenome or environmental,8062972,UNIVERSITY OF BOLOGNA,not available,public,"run.zq,fastq,sra","s3,gs,ncbi","ncbi.public,s3.us-east-1,gs.us-east1",SRX7253887,Italy,Europe,Italy:Bologna,Homo sapiens,BP9PRE,Illumina MiSeq,human feces,human gut,missing,BP9PRE,SINGLE,PCR,GENOMIC,human gut metagenome,ILLUMINA,2019-12-03T00:00:00Z,2019-12-02T17:03:00Z,1,BP9PRE,metagenomic assembly,SRP234378
SRR10572494,WGA,450,11301985,PRJNA592853,SAMN13441119,Metagenome or environmental,7474600,UNIVERSITY OF BOLOGNA,not available,public,"run.zq,fastq,sra","gs,s3,ncbi","ncbi.public,gs.us-east1,s3.us-east-1",SRX7253886,Italy,Europe,Italy:Bologna,Homo sapiens,BP9P33,Illumina MiSeq,human feces,human gut,missing,BP9P33,SINGLE,PCR,GENOMIC,human gut metagenome,ILLUMINA,2019-12-03T00:00:00Z,2019-12-02T17:03:00Z,1,BP9P33,metagenomic assembly,SRP234378
SRR10572417,WGA,463,13637710,PRJNA592853,SAMN13441075,Metagenome or environmental,8894493,UNIVERSITY OF BOLOGNA,not available,public,"run.zq,fastq,sra","gs,s3,ncbi","gs.us-east1,s3.us-east-1,ncbi.public",SRX7253963,Italy,Europe,Italy:Bologna,Homo sapiens,BP1P35,Illumina MiSeq,human feces,human gut,missing,BP1P35,SINGLE,PCR,GENOMIC,human gut metagenome,ILLUMINA,2019-12-03T00:00:00Z,2019-12-02T17:03:00Z,1,BP1P35,metagenomic assembly,SRP234378
SRR10572418,WGA,462,9514822,PRJNA592853,SAMN13441074,Metagenome or environmental,6191254,UNIVERSITY OF BOLOGNA,not available,public,"fastq,sra,run.zq","ncbi,gs,s3","s3.us-east-1,gs.us-east1,ncbi.public",SRX7253962,Italy,Europe,Italy:Bologna,Homo sapiens,BP1P25,Illumina MiSeq,human feces,human gut,missing,BP1P25,SINGLE,PCR,GENOMIC,human gut metagenome,ILLUMINA,2019-12-03T00:00:00Z,2019-12-02T17:03:00Z,1,BP1P25,metagenomic assembly,SRP234378
SRR10572419,WGA,449,13331755,PRJNA592853,SAMN13441073,Metagenome or environmental,8580149,UNIVERSITY OF BOLOGNA,not available,public,"run.zq,sra,fastq","s3,ncbi,gs","s3.us-east-1,ncbi.public,gs.us-east1",SRX7253961,Italy,Europe,Italy:Bologna,Homo sapiens,BP10PRE,Illumina MiSeq,human feces,human gut,missing,BP10PRE,SINGLE,PCR,GENOMIC,human gut metagenome,ILLUMINA,2019-12-03T00:00:00Z,2019-12-02T17:03:00Z,1,BP10PRE,metagenomic assembly,SRP234378
SRR10572420,WGA,452,13372880,PRJNA592853,SAMN13441072,Metagenome or environmental,8715492,UNIVERSITY OF BOLOGNA,not available,public,"sra,run.zq,fastq","gs,ncbi,s3","ncbi.public,s3.us-east-1,gs.us-east1",SRX7253960,Italy,Europe,Italy:Bologna,Homo sapiens,BP10P32,Illumina MiSeq,human feces,human gut,missing,BP10P32,SINGLE,PCR,GENOMIC,human gut metagenome,ILLUMINA,2019-12-03T00:00:00Z,2019-12-02T17:03:00Z,1,BP10P32,metagenomic assembly,SRP234378
SRR10572437,WGA,459,13575861,PRJNA592853,SAMN13441115,Metagenome or environmental,8905669,UNIVERSITY OF BOLOGNA,not available,public,"run.zq,fastq,sra","ncbi,s3,gs","gs.us-east1,s3.us-east-1,ncbi.public",SRX7253943,Italy,Europe,Italy:Bologna,Homo sapiens,BP8P66,Illumina MiSeq,human feces,human gut,missing,BP8P66,SINGLE,PCR,GENOMIC,human gut metagenome,ILLUMINA,2019-12-03T00:00:00Z,2019-12-02T17:03:00Z,1,BP8P66,metagenomic assembly,SRP234378
SRR10572438,WGA,458,13462804,PRJNA592853,SAMN13441114,Metagenome or environmental,8796758,UNIVERSITY OF BOLOGNA,not available,public,"run.zq,fastq,sra","s3,gs,ncbi","s3.us-east-1,gs.us-east1,ncbi.public",SRX7253942,Italy,Europe,Italy:Bologna,Homo sapiens,BP8P60,Illumina MiSeq,human feces,human gut,missing,BP8P60,SINGLE,PCR,GENOMIC,human gut metagenome,ILLUMINA,2019-12-03T00:00:00Z,2019-12-02T17:03:00Z,1,BP8P60,metagenomic assembly,SRP234378
SRR10572439,WGA,458,6413159,PRJNA592853,SAMN13441113,Metagenome or environmental,4216178,UNIVERSITY OF BOLOGNA,not available,public,"fastq,run.zq,sra","s3,ncbi,gs","s3.us-east-1,gs.us-east1,ncbi.public",SRX7253941,Italy,Europe,Italy:Bologna,Homo sapiens,BP8P53,Illumina MiSeq,human feces,human gut,missing,BP8P53,SINGLE,PCR,GENOMIC,human gut metagenome,ILLUMINA,2019-12-03T00:00:00Z,2019-12-02T17:03:00Z,1,BP8P53,metagenomic assembly,SRP234378
SRR10572440,WGA,459,13528878,PRJNA592853,SAMN13441112,Metagenome or environmental,9026361,UNIVERSITY OF BOLOGNA,not available,public,"sra,run.zq,fastq","gs,ncbi,s3","s3.us-east-1,ncbi.public,gs.us-east1",SRX7253940,Italy,Europe,Italy:Bologna,Homo sapiens,BP8P46,Illumina MiSeq,human feces,human gut,missing,BP8P46,SINGLE,PCR,GENOMIC,human gut metagenome,ILLUMINA,2019-12-03T00:00:00Z,2019-12-02T17:03:00Z,1,BP8P46,metagenomic assembly,SRP234378
SRR10572441,WGA,458,6329548,PRJNA592853,SAMN13441111,Metagenome or environmental,4206225,UNIVERSITY OF BOLOGNA,not available,public,"fastq,sra,run.zq","s3,ncbi,gs","gs.us-east1,ncbi.public,s3.us-east-1",SRX7253939,Italy,Europe,Italy:Bologna,Homo sapiens,BP8P39,Illumina MiSeq,human feces,human gut,missing,BP8P39,SINGLE,PCR,GENOMIC,human gut metagenome,ILLUMINA,2019-12-03T00:00:00Z,2019-12-02T17:03:00Z,1,BP8P39,metagenomic assembly,SRP234378
SRR10572442,WGA,455,5242294,PRJNA592853,SAMN13441110,Metagenome or environmental,3546792,UNIVERSITY OF BOLOGNA,not available,public,"sra,run.zq,fastq","ncbi,s3,gs","s3.us-east-1,gs.us-east1,ncbi.public",SRX7253938,Italy,Europe,Italy:Bologna,Homo sapiens,BP8P32,Illumina MiSeq,human feces,human gut,missing,BP8P32,SINGLE,PCR,GENOMIC,human gut metagenome,ILLUMINA,2019-12-03T00:00:00Z,2019-12-02T17:03:00Z,1,BP8P32,metagenomic assembly,SRP234378
SRR10572443,WGA,461,13323619,PRJNA592853,SAMN13441109,Metagenome or environmental,8544890,UNIVERSITY OF BOLOGNA,not available,public,"sra,fastq,run.zq","gs,ncbi,s3","gs.us-east1,s3.us-east-1,ncbi.public",SRX7253937,Italy,Europe,Italy:Bologna,Homo sapiens,BP8P25,Illumina MiSeq,human feces,human gut,missing,BP8P25,SINGLE,PCR,GENOMIC,human gut metagenome,ILLUMINA,2019-12-03T00:00:00Z,2019-12-02T17:03:00Z,1,BP8P25,metagenomic assembly,SRP234378
SRR10572444,WGA,452,13359299,PRJNA592853,SAMN13441108,Metagenome or environmental,8749696,UNIVERSITY OF BOLOGNA,not available,public,"run.zq,sra,fastq","ncbi,s3,gs","s3.us-east-1,gs.us-east1,ncbi.public",SRX7253936,Italy,Europe,Italy:Bologna,Homo sapiens,BP8P19,Illumina MiSeq,human feces,human gut,missing,BP8P19,SINGLE,PCR,GENOMIC,human gut metagenome,ILLUMINA,2019-12-03T00:00:00Z,2019-12-02T17:03:00Z,1,BP8P19,metagenomic assembly,SRP234378
SRR10572445,WGA,459,13650739,PRJNA592853,SAMN13441107,Metagenome or environmental,8716010,UNIVERSITY OF BOLOGNA,not available,public,"sra,run.zq,fastq","s3,gs,ncbi","ncbi.public,gs.us-east1,s3.us-east-1",SRX7253935,Italy,Europe,Italy:Bologna,Homo sapiens,BP8P120,Illumina MiSeq,human feces,human gut,missing,BP8P120,SINGLE,PCR,GENOMIC,human gut metagenome,ILLUMINA,2019-12-03T00:00:00Z,2019-12-02T17:03:00Z,1,BP8P120,metagenomic assembly,SRP234378
SRR10572446,WGA,455,10313554,PRJNA592853,SAMN13441026,Metagenome or environmental,6731229,UNIVERSITY OF BOLOGNA,not available,public,"fastq,run.zq,sra","gs,ncbi,s3","s3.us-east-1,ncbi.public,gs.us-east1",SRX7253934,Italy,Europe,Italy:Bologna,Homo sapiens,BE1PRE,Illumina MiSeq,human feces,human gut,missing,BE1PRE,SINGLE,PCR,GENOMIC,human gut metagenome,ILLUMINA,2019-12-05T00:00:00Z,2019-12-02T17:03:00Z,1,BE1PRE,metagenomic assembly,SRP234378
SRR10572447,WGA,448,13337092,PRJNA592853,SAMN13441106,Metagenome or environmental,8524247,UNIVERSITY OF BOLOGNA,not available,public,"fastq,run.zq,sra","s3,gs,ncbi","gs.us-east1,ncbi.public,s3.us-east-1",SRX7253933,Italy,Europe,Italy:Bologna,Homo sapiens,BP7PRE,Illumina MiSeq,human feces,human gut,missing,BP7PRE,SINGLE,PCR,GENOMIC,human gut metagenome,ILLUMINA,2019-12-03T00:00:00Z,2019-12-02T17:03:00Z,1,BP7PRE,metagenomic assembly,SRP234378
SRR10572448,WGA,449,13352001,PRJNA592853,SAMN13441105,Metagenome or environmental,8605967,UNIVERSITY OF BOLOGNA,not available,public,"sra,fastq,run.zq","ncbi,gs,s3","ncbi.public,gs.us-east1,s3.us-east-1",SRX7253932,Italy,Europe,Italy:Bologna,Homo sapiens,BP7P8,Illumina MiSeq,human feces,human gut,missing,BP7P8,SINGLE,PCR,GENOMIC,human gut metagenome,ILLUMINA,2019-12-03T00:00:00Z,2019-12-02T17:03:00Z,1,BP7P8,metagenomic assembly,SRP234378
SRR10572449,WGA,449,5458829,PRJNA592853,SAMN13441104,Metagenome or environmental,3322905,UNIVERSITY OF BOLOGNA,not available,public,"run.zq,sra,fastq","gs,ncbi,s3","s3.us-east-1,ncbi.public,gs.us-east1",SRX7253931,Italy,Europe,Italy:Bologna,Homo sapiens,BP7P35,Illumina MiSeq,human feces,human gut,missing,BP7P35,SINGLE,PCR,GENOMIC,human gut metagenome,ILLUMINA,2019-12-05T00:00:00Z,2019-12-02T17:03:00Z,1,BP7P35,metagenomic assembly,SRP234378
SRR10572450,WGA,461,13397054,PRJNA592853,SAMN13441103,Metagenome or environmental,8681734,UNIVERSITY OF BOLOGNA,not available,public,"fastq,run.zq,sra","gs,ncbi,s3","ncbi.public,s3.us-east-1,gs.us-east1",SRX7253930,Italy,Europe,Italy:Bologna,Homo sapiens,BP7P33,Illumina MiSeq,human feces,human gut,missing,BP7P33,SINGLE,PCR,GENOMIC,human gut metagenome,ILLUMINA,2019-12-03T00:00:00Z,2019-12-02T17:03:00Z,1,BP7P33,metagenomic assembly,SRP234378
SRR10572451,WGA,460,13462045,PRJNA592853,SAMN13441102,Metagenome or environmental,8402985,UNIVERSITY OF BOLOGNA,not available,public,"fastq,sra,run.zq","gs,s3,ncbi","s3.us-east-1,gs.us-east1,ncbi.public",SRX7253929,Italy,Europe,Italy:Bologna,Homo sapiens,BP7P13,Illumina MiSeq,human feces,human gut,missing,BP7P13,SINGLE,PCR,GENOMIC,human gut metagenome,ILLUMINA,2019-12-05T00:00:00Z,2019-12-02T17:03:00Z,1,BP7P13,metagenomic assembly,SRP234378
SRR10572452,WGA,457,13550836,PRJNA592853,SAMN13441101,Metagenome or environmental,8471008,UNIVERSITY OF BOLOGNA,not available,public,"fastq,sra,run.zq","ncbi,gs,s3","gs.us-east1,s3.us-east-1,ncbi.public",SRX7253928,Italy,Europe,Italy:Bologna,Homo sapiens,BP6PRE,Illumina MiSeq,human feces,human gut,missing,BP6PRE,SINGLE,PCR,GENOMIC,human gut metagenome,ILLUMINA,2019-12-03T00:00:00Z,2019-12-02T17:03:00Z,1,BP6PRE,metagenomic assembly,SRP234378
SRR10572453,WGA,462,5824023,PRJNA592853,SAMN13441100,Metagenome or environmental,3723629,UNIVERSITY OF BOLOGNA,not available,public,"run.zq,fastq,sra","s3,gs,ncbi","gs.us-east1,s3.us-east-1,ncbi.public",SRX7253927,Italy,Europe,Italy:Bologna,Homo sapiens,BP6P36,Illumina MiSeq,human feces,human gut,missing,BP6P36,SINGLE,PCR,GENOMIC,human gut metagenome,ILLUMINA,2019-12-03T00:00:00Z,2019-12-02T17:03:00Z,1,BP6P36,metagenomic assembly,SRP234378
SRR10572454,WGA,464,13712473,PRJNA592853,SAMN13441099,Metagenome or environmental,8924361,UNIVERSITY OF BOLOGNA,not available,public,"run.zq,fastq,sra","gs,ncbi,s3","gs.us-east1,ncbi.public,s3.us-east-1",SRX7253926,Italy,Europe,Italy:Bologna,Homo sapiens,BP6P33,Illumina MiSeq,human feces,human gut,missing,BP6P33,SINGLE,PCR,GENOMIC,human gut metagenome,ILLUMINA,2019-12-03T00:00:00Z,2019-12-02T17:03:00Z,1,BP6P33,metagenomic assembly,SRP234378
SRR10572455,WGA,464,8542193,PRJNA592853,SAMN13441098,Metagenome or environmental,5457607,UNIVERSITY OF BOLOGNA,not available,public,"run.zq,fastq,sra","ncbi,s3,gs","gs.us-east1,ncbi.public,s3.us-east-1",SRX7253925,Italy,Europe,Italy:Bologna,Homo sapiens,BP6P23,Illumina MiSeq,human feces,human gut,missing,BP6P23,SINGLE,PCR,GENOMIC,human gut metagenome,ILLUMINA,2019-12-05T00:00:00Z,2019-12-02T17:03:00Z,1,BP6P23,metagenomic assembly,SRP234378
SRR10572456,WGA,463,6647492,PRJNA592853,SAMN13441097,Metagenome or environmental,4239203,UNIVERSITY OF BOLOGNA,not available,public,"run.zq,fastq,sra","gs,s3,ncbi","ncbi.public,gs.us-east1,s3.us-east-1",SRX7253924,Italy,Europe,Italy:Bologna,Homo sapiens,BP6P22,Illumina MiSeq,human feces,human gut,missing,BP6P22,SINGLE,PCR,GENOMIC,human gut metagenome,ILLUMINA,2019-12-03T00:00:00Z,2019-12-02T17:03:00Z,1,BP6P22,metagenomic assembly,SRP234378
SRR10572457,WGA,461,4873554,PRJNA592853,SAMN13441025,Metagenome or environmental,3186978,UNIVERSITY OF BOLOGNA,not available,public,"fastq,sra,run.zq","gs,ncbi,s3","s3.us-east-1,ncbi.public,gs.us-east1",SRX7253923,Italy,Europe,Italy:Bologna,Homo sapiens,BE1P85,Illumina MiSeq,human feces,human gut,missing,BE1P85,SINGLE,PCR,GENOMIC,human gut metagenome,ILLUMINA,2019-12-03T00:00:00Z,2019-12-02T17:03:00Z,1,BE1P85,metagenomic assembly,SRP234378
SRR10572458,WGA,446,6059851,PRJNA592853,SAMN13441096,Metagenome or environmental,4054939,UNIVERSITY OF BOLOGNA,not available,public,"sra,fastq,run.zq","gs,ncbi,s3","gs.us-east1,ncbi.public,s3.us-east-1",SRX7253922,Italy,Europe,Italy:Bologna,Homo sapiens,BP5PRE,Illumina MiSeq,human feces,human gut,missing,BP5PRE,SINGLE,PCR,GENOMIC,human gut metagenome,ILLUMINA,2019-12-03T00:00:00Z,2019-12-02T17:03:00Z,1,BP5PRE,metagenomic assembly,SRP234378
SRR10572459,WGA,456,13556015,PRJNA592853,SAMN13441095,Metagenome or environmental,8521339,UNIVERSITY OF BOLOGNA,not available,public,"run.zq,sra,fastq","ncbi,gs,s3","s3.us-east-1,gs.us-east1,ncbi.public",SRX7253921,Italy,Europe,Italy:Bologna,Homo sapiens,BP5P83,Illumina MiSeq,human feces,human gut,missing,BP5P83,SINGLE,PCR,GENOMIC,human gut metagenome,ILLUMINA,2019-12-05T00:00:00Z,2019-12-02T17:03:00Z,1,BP5P83,metagenomic assembly,SRP234378
SRR10572460,WGA,457,13564680,PRJNA592853,SAMN13441057,Metagenome or environmental,8455649,UNIVERSITY OF BOLOGNA,not available,public,"fastq,sra,run.zq","gs,ncbi,s3","gs.us-east1,s3.us-east-1,ncbi.public",SRX7253920,Italy,Europe,Italy:Bologna,Homo sapiens,BE7P25,Illumina MiSeq,human feces,human gut,missing,BE7P25,SINGLE,PCR,GENOMIC,human gut metagenome,ILLUMINA,2019-12-03T00:00:00Z,2019-12-02T17:03:00Z,1,BE7P25,metagenomic assembly,SRP234378
SRR10572461,WGA,457,13628347,PRJNA592853,SAMN13441021,Metagenome or environmental,8454925,UNIVERSITY OF BOLOGNA,not available,public,"run.zq,sra,fastq","s3,ncbi,gs","gs.us-east1,s3.us-east-1,ncbi.public",SRX7253919,Italy,Europe,Italy:Bologna,Homo sapiens,BE1P30,Illumina MiSeq,human feces,human gut,missing,BE1P30,SINGLE,PCR,GENOMIC,human gut metagenome,ILLUMINA,2019-12-03T00:00:00Z,2019-12-02T17:03:00Z,1,BE1P30,metagenomic assembly,SRP234378
SRR10572462,WGA,448,3891262,PRJNA592853,SAMN13441056,Metagenome or environmental,2417476,UNIVERSITY OF BOLOGNA,not available,public,"fastq,sra,run.zq","gs,s3,ncbi","ncbi.public,gs.us-east1,s3.us-east-1",SRX7253918,Italy,Europe,Italy:Bologna,Homo sapiens,BE6PRE,Illumina MiSeq,human feces,human gut,missing,BE6PRE,SINGLE,PCR,GENOMIC,human gut metagenome,ILLUMINA,2019-12-03T00:00:00Z,2019-12-02T17:03:00Z,1,BE6PRE,metagenomic assembly,SRP234378
SRR10572463,WGA,456,13505983,PRJNA592853,SAMN13441055,Metagenome or environmental,8834845,UNIVERSITY OF BOLOGNA,not available,public,"fastq,run.zq,sra","ncbi,s3,gs","ncbi.public,s3.us-east-1,gs.us-east1",SRX7253917,Italy,Europe,Italy:Bologna,Homo sapiens,BE6P72,Illumina MiSeq,human feces,human gut,missing,BE6P72,SINGLE,PCR,GENOMIC,human gut metagenome,ILLUMINA,2019-12-03T00:00:00Z,2019-12-02T17:03:00Z,1,BE6P72,metagenomic assembly,SRP234378
SRR10572464,WGA,455,12726751,PRJNA592853,SAMN13441054,Metagenome or environmental,8306200,UNIVERSITY OF BOLOGNA,not available,public,"sra,fastq,run.zq","ncbi,s3,gs","ncbi.public,gs.us-east1,s3.us-east-1",SRX7253916,Italy,Europe,Italy:Bologna,Homo sapiens,BE6P56,Illumina MiSeq,human feces,human gut,missing,BE6P56,SINGLE,PCR,GENOMIC,human gut metagenome,ILLUMINA,2019-12-03T00:00:00Z,2019-12-02T17:03:00Z,1,BE6P56,metagenomic assembly,SRP234378
SRR10572465,WGA,449,4746036,PRJNA592853,SAMN13441053,Metagenome or environmental,3154991,UNIVERSITY OF BOLOGNA,not available,public,"sra,run.zq,fastq","ncbi,s3,gs","gs.us-east1,ncbi.public,s3.us-east-1",SRX7253915,Italy,Europe,Italy:Bologna,Homo sapiens,BE6P49,Illumina MiSeq,human feces,human gut,missing,BE6P49,SINGLE,PCR,GENOMIC,human gut metagenome,ILLUMINA,2019-12-03T00:00:00Z,2019-12-02T17:03:00Z,1,BE6P49,metagenomic assembly,SRP234378
SRR10572466,WGA,453,7829922,PRJNA592853,SAMN13441052,Metagenome or environmental,5146584,UNIVERSITY OF BOLOGNA,not available,public,"sra,fastq,run.zq","gs,s3,ncbi","ncbi.public,gs.us-east1,s3.us-east-1",SRX7253914,Italy,Europe,Italy:Bologna,Homo sapiens,BE6P43,Illumina MiSeq,human feces,human gut,missing,BE6P43,SINGLE,PCR,GENOMIC,human gut metagenome,ILLUMINA,2019-12-05T00:00:00Z,2019-12-02T17:03:00Z,1,BE6P43,metagenomic assembly,SRP234378
SRR10572467,WGA,451,6789606,PRJNA592853,SAMN13441051,Metagenome or environmental,4481827,UNIVERSITY OF BOLOGNA,not available,public,"fastq,sra,run.zq","s3,ncbi,gs","ncbi.public,gs.us-east1,s3.us-east-1",SRX7253913,Italy,Europe,Italy:Bologna,Homo sapiens,BE6P35,Illumina MiSeq,human feces,human gut,missing,BE6P35,SINGLE,PCR,GENOMIC,human gut metagenome,ILLUMINA,2019-12-03T00:00:00Z,2019-12-02T17:03:00Z,1,BE6P35,metagenomic assembly,SRP234378
SRR10572468,WGA,456,5310322,PRJNA592853,SAMN13441050,Metagenome or environmental,3276473,UNIVERSITY OF BOLOGNA,not available,public,"run.zq,fastq,sra","s3,ncbi,gs","ncbi.public,gs.us-east1,s3.us-east-1",SRX7253912,Italy,Europe,Italy:Bologna,Homo sapiens,BE6P26,Illumina MiSeq,human feces,human gut,missing,BE6P26,SINGLE,PCR,GENOMIC,human gut metagenome,ILLUMINA,2019-12-03T00:00:00Z,2019-12-02T17:03:00Z,1,BE6P26,metagenomic assembly,SRP234378
SRR10572469,WGA,448,3165900,PRJNA592853,SAMN13441049,Metagenome or environmental,2112033,UNIVERSITY OF BOLOGNA,not available,public,"fastq,sra,run.zq","s3,gs,ncbi","gs.us-east1,ncbi.public,s3.us-east-1",SRX7253911,Italy,Europe,Italy:Bologna,Homo sapiens,BE5PRE,Illumina MiSeq,human feces,human gut,missing,BE5PRE,SINGLE,PCR,GENOMIC,human gut metagenome,ILLUMINA,2019-12-03T00:00:00Z,2019-12-02T17:03:00Z,1,BE5PRE,metagenomic assembly,SRP234378
SRR10572470,WGA,452,11486355,PRJNA592853,SAMN13441048,Metagenome or environmental,7380359,UNIVERSITY OF BOLOGNA,not available,public,"sra,run.zq,fastq","s3,ncbi,gs","ncbi.public,gs.us-east1,s3.us-east-1",SRX7253910,Italy,Europe,Italy:Bologna,Homo sapiens,BE5P41,Illumina MiSeq,human feces,human gut,missing,BE5P41,SINGLE,PCR,GENOMIC,human gut metagenome,ILLUMINA,2019-12-05T00:00:00Z,2019-12-02T17:03:00Z,1,BE5P41,metagenomic assembly,SRP234378
SRR10572471,WGA,452,6738694,PRJNA592853,SAMN13441047,Metagenome or environmental,4376849,UNIVERSITY OF BOLOGNA,not available,public,"fastq,run.zq,sra","s3,gs,ncbi","gs.us-east1,ncbi.public,s3.us-east-1",SRX7253909,Italy,Europe,Italy:Bologna,Homo sapiens,BE5P40,Illumina MiSeq,human feces,human gut,missing,BE5P40,SINGLE,PCR,GENOMIC,human gut metagenome,ILLUMINA,2019-12-03T00:00:00Z,2019-12-02T17:03:00Z,1,BE5P40,metagenomic assembly,SRP234378
SRR10572499,WGA,446,13135137,PRJNA592853,SAMN13441017,Metagenome or environmental,8558662,UNIVERSITY OF BOLOGNA,not available,public,"run.zq,sra,fastq","gs,ncbi,s3","s3.us-east-1,ncbi.public,gs.us-east1",SRX7253881,Italy,Europe,Italy:Bologna,Homo sapiens,BE10P27,Illumina MiSeq,human feces,human gut,missing,BE10P27,SINGLE,PCR,GENOMIC,human gut metagenome,ILLUMINA,2019-12-03T00:00:00Z,2019-12-02T17:03:00Z,1,BE10P27,metagenomic assembly,SRP234378
SRR10572402,WGA,460,9918409,PRJNA592853,SAMN13441088,Metagenome or environmental,6175269,UNIVERSITY OF BOLOGNA,not available,public,"sra,fastq,run.zq","ncbi,s3,gs","gs.us-east1,s3.us-east-1,ncbi.public",SRX7253978,Italy,Europe,Italy:Bologna,Homo sapiens,BP5P34,Illumina MiSeq,human feces,human gut,missing,BP5P34,SINGLE,PCR,GENOMIC,human gut metagenome,ILLUMINA,2019-12-03T00:00:00Z,2019-12-02T17:02:00Z,1,BP5P34,metagenomic assembly,SRP234378
SRR10572403,WGA,456,13579642,PRJNA592853,SAMN13441087,Metagenome or environmental,8623954,UNIVERSITY OF BOLOGNA,not available,public,"fastq,run.zq,sra","s3,gs,ncbi","s3.us-east-1,gs.us-east1,ncbi.public",SRX7253977,Italy,Europe,Italy:Bologna,Homo sapiens,BP5P21,Illumina MiSeq,human feces,human gut,missing,BP5P21,SINGLE,PCR,GENOMIC,human gut metagenome,ILLUMINA,2019-12-03T00:00:00Z,2019-12-02T17:02:00Z,1,BP5P21,metagenomic assembly,SRP234378
SRR10572404,WGA,457,13546635,PRJNA592853,SAMN13441024,Metagenome or environmental,8562602,UNIVERSITY OF BOLOGNA,not available,public,"sra,fastq,run.zq","gs,s3,ncbi","s3.us-east-1,gs.us-east1,ncbi.public",SRX7253976,Italy,Europe,Italy:Bologna,Homo sapiens,BE1P68,Illumina MiSeq,human feces,human gut,missing,BE1P68,SINGLE,PCR,GENOMIC,human gut metagenome,ILLUMINA,2019-12-05T00:00:00Z,2019-12-02T17:03:00Z,1,BE1P68,metagenomic assembly,SRP234378
SRR10572405,WGA,446,13212848,PRJNA592853,SAMN13441086,Metagenome or environmental,8664312,UNIVERSITY OF BOLOGNA,not available,public,"fastq,run.zq,sra","gs,s3,ncbi","gs.us-east1,ncbi.public,s3.us-east-1",SRX7253975,Italy,Europe,Italy:Bologna,Homo sapiens,BP4PRE,Illumina MiSeq,human feces,human gut,missing,BP4PRE,SINGLE,PCR,GENOMIC,human gut metagenome,ILLUMINA,2019-12-03T00:00:00Z,2019-12-02T17:03:00Z,1,BP4PRE,metagenomic assembly,SRP234378
SRR10572406,WGA,464,6580432,PRJNA592853,SAMN13441085,Metagenome or environmental,4241486,UNIVERSITY OF BOLOGNA,not available,public,"sra,fastq,run.zq","ncbi,gs,s3","s3.us-east-1,gs.us-east1,ncbi.public",SRX7253974,Italy,Europe,Italy:Bologna,Homo sapiens,BP4P29,Illumina MiSeq,human feces,human gut,missing,BP4P29,SINGLE,PCR,GENOMIC,human gut metagenome,ILLUMINA,2019-12-05T00:00:00Z,2019-12-02T17:02:00Z,1,BP4P29,metagenomic assembly,SRP234378
SRR10572407,WGA,446,13210700,PRJNA592853,SAMN13441084,Metagenome or environmental,8580284,UNIVERSITY OF BOLOGNA,not available,public,"run.zq,fastq,sra","gs,s3,ncbi","ncbi.public,s3.us-east-1,gs.us-east1",SRX7253973,Italy,Europe,Italy:Bologna,Homo sapiens,BP4P15,Illumina MiSeq,human feces,human gut,missing,BP4P15,SINGLE,PCR,GENOMIC,human gut metagenome,ILLUMINA,2019-12-03T00:00:00Z,2019-12-02T17:03:00Z,1,BP4P15,metagenomic assembly,SRP234378
SRR10572408,WGA,450,13319966,PRJNA592853,SAMN13441083,Metagenome or environmental,8473956,UNIVERSITY OF BOLOGNA,not available,public,"fastq,run.zq,sra","s3,ncbi,gs","gs.us-east1,s3.us-east-1,ncbi.public",SRX7253972,Italy,Europe,Italy:Bologna,Homo sapiens,BP3PRE,Illumina MiSeq,human feces,human gut,missing,BP3PRE,SINGLE,PCR,GENOMIC,human gut metagenome,ILLUMINA,2019-12-03T00:00:00Z,2019-12-02T17:02:00Z,1,BP3PRE,metagenomic assembly,SRP234378
SRR10572411,WGA,451,13315110,PRJNA592853,SAMN13441080,Metagenome or environmental,8595228,UNIVERSITY OF BOLOGNA,not available,public,"run.zq,sra,fastq","ncbi,s3,gs","s3.us-east-1,gs.us-east1,ncbi.public",SRX7253969,Italy,Europe,Italy:Bologna,Homo sapiens,BP3P22,Illumina MiSeq,human feces,human gut,missing,BP3P22,SINGLE,PCR,GENOMIC,human gut metagenome,ILLUMINA,2019-12-03T00:00:00Z,2019-12-02T17:03:00Z,1,BP3P22,metagenomic assembly,SRP234378
SRR10572412,WGA,446,10765659,PRJNA592853,SAMN13441079,Metagenome or environmental,6988749,UNIVERSITY OF BOLOGNA,not available,public,"sra,fastq,run.zq","ncbi,s3,gs","ncbi.public,s3.us-east-1,gs.us-east1",SRX7253968,Italy,Europe,Italy:Bologna,Homo sapiens,BP2PRE,Illumina MiSeq,human feces,human gut,missing,BP2PRE,SINGLE,PCR,GENOMIC,human gut metagenome,ILLUMINA,2019-12-03T00:00:00Z,2019-12-02T17:03:00Z,1,BP2PRE,metagenomic assembly,SRP234378
SRR10572413,WGA,464,13727177,PRJNA592853,SAMN13441078,Metagenome or environmental,8874370,UNIVERSITY OF BOLOGNA,not available,public,"run.zq,sra,fastq","gs,s3,ncbi","s3.us-east-1,ncbi.public,gs.us-east1",SRX7253967,Italy,Europe,Italy:Bologna,Homo sapiens,BP2P29,Illumina MiSeq,human feces,human gut,missing,BP2P29,SINGLE,PCR,GENOMIC,human gut metagenome,ILLUMINA,2019-12-03T00:00:00Z,2019-12-02T17:03:00Z,1,BP2P29,metagenomic assembly,SRP234378
SRR10572414,WGA,453,13354611,PRJNA592853,SAMN13441077,Metagenome or environmental,8431044,UNIVERSITY OF BOLOGNA,not available,public,"fastq,run.zq,sra","s3,gs,ncbi","gs.us-east1,s3.us-east-1,ncbi.public",SRX7253966,Italy,Europe,Italy:Bologna,Homo sapiens,BP2P19,Illumina MiSeq,human feces,human gut,missing,BP2P19,SINGLE,PCR,GENOMIC,human gut metagenome,ILLUMINA,2019-12-03T00:00:00Z,2019-12-02T17:03:00Z,1,BP2P19,metagenomic assembly,SRP234378
SRR10572424,WGA,456,13474381,PRJNA592853,SAMN13441068,Metagenome or environmental,8623450,UNIVERSITY OF BOLOGNA,not available,public,"sra,fastq,run.zq","ncbi,gs,s3","s3.us-east-1,ncbi.public,gs.us-east1",SRX7253956,Italy,Europe,Italy:Bologna,Homo sapiens,BE9P33,Illumina MiSeq,human feces,human gut,missing,BE9P33,SINGLE,PCR,GENOMIC,human gut metagenome,ILLUMINA,2019-12-03T00:00:00Z,2019-12-02T17:03:00Z,1,BE9P33,metagenomic assembly,SRP234378
SRR10572425,WGA,453,13118340,PRJNA592853,SAMN13441067,Metagenome or environmental,8728759,UNIVERSITY OF BOLOGNA,not available,public,"run.zq,fastq,sra","s3,gs,ncbi","ncbi.public,gs.us-east1,s3.us-east-1",SRX7253955,Italy,Europe,Italy:Bologna,Homo sapiens,BE9P25,Illumina MiSeq,human feces,human gut,missing,BE9P25,SINGLE,PCR,GENOMIC,human gut metagenome,ILLUMINA,2019-12-03T00:00:00Z,2019-12-02T17:03:00Z,1,BE9P25,metagenomic assembly,SRP234378
SRR10572426,WGA,463,13770235,PRJNA592853,SAMN13441022,Metagenome or environmental,8596627,UNIVERSITY OF BOLOGNA,not available,public,"fastq,sra,run.zq","s3,gs,ncbi","gs.us-east1,s3.us-east-1,ncbi.public",SRX7253954,Italy,Europe,Italy:Bologna,Homo sapiens,BE1P49,Illumina MiSeq,human feces,human gut,missing,BE1P49,SINGLE,PCR,GENOMIC,human gut metagenome,ILLUMINA,2019-12-03T00:00:00Z,2019-12-02T17:03:00Z,1,BE1P49,metagenomic assembly,SRP234378
SRR10572427,WGA,456,13136057,PRJNA592853,SAMN13441066,Metagenome or environmental,8311140,UNIVERSITY OF BOLOGNA,not available,public,"fastq,run.zq,sra","ncbi,gs,s3","gs.us-east1,ncbi.public,s3.us-east-1",SRX7253953,Italy,Europe,Italy:Bologna,Homo sapiens,BE9P18,Illumina MiSeq,human feces,human gut,missing,BE9P18,SINGLE,PCR,GENOMIC,human gut metagenome,ILLUMINA,2019-12-03T00:00:00Z,2019-12-02T17:03:00Z,1,BE9P18,metagenomic assembly,SRP234378
SRR10572428,WGA,458,13507792,PRJNA592853,SAMN13441065,Metagenome or environmental,8641445,UNIVERSITY OF BOLOGNA,not available,public,"fastq,sra,run.zq","ncbi,gs,s3","s3.us-east-1,ncbi.public,gs.us-east1",SRX7253952,Italy,Europe,Italy:Bologna,Homo sapiens,BE9P15,Illumina MiSeq,human feces,human gut,missing,BE9P15,SINGLE,PCR,GENOMIC,human gut metagenome,ILLUMINA,2019-12-03T00:00:00Z,2019-12-02T17:03:00Z,1,BE9P15,metagenomic assembly,SRP234378
SRR10572429,WGA,445,13225020,PRJNA592853,SAMN13441064,Metagenome or environmental,8539280,UNIVERSITY OF BOLOGNA,not available,public,"fastq,run.zq,sra","gs,s3,ncbi","gs.us-east1,s3.us-east-1,ncbi.public",SRX7253951,Italy,Europe,Italy:Bologna,Homo sapiens,BE8PRE,Illumina MiSeq,human feces,human gut,missing,BE8PRE,SINGLE,PCR,GENOMIC,human gut metagenome,ILLUMINA,2019-12-03T00:00:00Z,2019-12-02T17:03:00Z,1,BE8PRE,metagenomic assembly,SRP234378
SRR10572430,WGA,448,13308000,PRJNA592853,SAMN13441063,Metagenome or environmental,8745112,UNIVERSITY OF BOLOGNA,not available,public,"sra,run.zq,fastq","ncbi,s3,gs","gs.us-east1,s3.us-east-1,ncbi.public",SRX7253950,Italy,Europe,Italy:Bologna,Homo sapiens,BE8P39,Illumina MiSeq,human feces,human gut,missing,BE8P39,SINGLE,PCR,GENOMIC,human gut metagenome,ILLUMINA,2019-12-03T00:00:00Z,2019-12-02T17:03:00Z,1,BE8P39,metagenomic assembly,SRP234378
SRR10572431,WGA,450,13390911,PRJNA592853,SAMN13441062,Metagenome or environmental,8667147,UNIVERSITY OF BOLOGNA,not available,public,"fastq,sra,run.zq","ncbi,s3,gs","gs.us-east1,s3.us-east-1,ncbi.public",SRX7253949,Italy,Europe,Italy:Bologna,Homo sapiens,BE8P33,Illumina MiSeq,human feces,human gut,missing,BE8P33,SINGLE,PCR,GENOMIC,human gut metagenome,ILLUMINA,2019-12-03T00:00:00Z,2019-12-02T17:03:00Z,1,BE8P33,metagenomic assembly,SRP234378
SRR10572432,WGA,447,4097564,PRJNA592853,SAMN13441061,Metagenome or environmental,2623553,UNIVERSITY OF BOLOGNA,not available,public,"run.zq,fastq,sra","s3,ncbi,gs","gs.us-east1,s3.us-east-1,ncbi.public",SRX7253948,Italy,Europe,Italy:Bologna,Homo sapiens,BE8P25,Illumina MiSeq,human feces,human gut,missing,BE8P25,SINGLE,PCR,GENOMIC,human gut metagenome,ILLUMINA,2019-12-03T00:00:00Z,2019-12-02T17:03:00Z,1,BE8P25,metagenomic assembly,SRP234378
SRR10572433,WGA,454,5413443,PRJNA592853,SAMN13441060,Metagenome or environmental,3502388,UNIVERSITY OF BOLOGNA,not available,public,"run.zq,fastq,sra","gs,ncbi,s3","ncbi.public,gs.us-east1,s3.us-east-1",SRX7253947,Italy,Europe,Italy:Bologna,Homo sapiens,BE7PRE,Illumina MiSeq,human feces,human gut,missing,BE7PRE,SINGLE,PCR,GENOMIC,human gut metagenome,ILLUMINA,2019-12-05T00:00:00Z,2019-12-02T17:03:00Z,1,BE7PRE,metagenomic assembly,SRP234378
SRR10572434,WGA,448,13195182,PRJNA592853,SAMN13441059,Metagenome or environmental,8506184,UNIVERSITY OF BOLOGNA,not available,public,"run.zq,sra,fastq","s3,ncbi,gs","gs.us-east1,ncbi.public,s3.us-east-1",SRX7253946,Italy,Europe,Italy:Bologna,Homo sapiens,BE7P47,Illumina MiSeq,human feces,human gut,missing,BE7P47,SINGLE,PCR,GENOMIC,human gut metagenome,ILLUMINA,2019-12-03T00:00:00Z,2019-12-02T17:03:00Z,1,BE7P47,metagenomic assembly,SRP234378
SRR10572435,WGA,462,13468137,PRJNA592853,SAMN13441058,Metagenome or environmental,8467063,UNIVERSITY OF BOLOGNA,not available,public,"fastq,sra,run.zq","ncbi,s3,gs","ncbi.public,gs.us-east1,s3.us-east-1",SRX7253945,Italy,Europe,Italy:Bologna,Homo sapiens,BE7P30,Illumina MiSeq,human feces,human gut,missing,BE7P30,SINGLE,PCR,GENOMIC,human gut metagenome,ILLUMINA,2019-12-03T00:00:00Z,2019-12-02T17:03:00Z,1,BE7P30,metagenomic assembly,SRP234378
SRR10572436,WGA,448,9431818,PRJNA592853,SAMN13441116,Metagenome or environmental,6296565,UNIVERSITY OF BOLOGNA,not available,public,"run.zq,fastq,sra","s3,ncbi,gs","s3.us-east-1,gs.us-east1,ncbi.public",SRX7253944,Italy,Europe,Italy:Bologna,Homo sapiens,BP8PRE,Illumina MiSeq,human feces,human gut,missing,BP8PRE,SINGLE,PCR,GENOMIC,human gut metagenome,ILLUMINA,2019-12-03T00:00:00Z,2019-12-02T17:03:00Z,1,BP8PRE,metagenomic assembly,SRP234378
SRR10572474,WGA,445,9680822,PRJNA592853,SAMN13441045,Metagenome or environmental,6137808,UNIVERSITY OF BOLOGNA,not available,public,"run.zq,fastq,sra","ncbi,s3,gs","gs.us-east1,s3.us-east-1,ncbi.public",SRX7253906,Italy,Europe,Italy:Bologna,Homo sapiens,BE5P26,Illumina MiSeq,human feces,human gut,missing,BE5P26,SINGLE,PCR,GENOMIC,human gut metagenome,ILLUMINA,2019-12-03T00:00:00Z,2019-12-02T17:03:00Z,1,BE5P26,metagenomic assembly,SRP234378
SRR10572475,WGA,446,5941873,PRJNA592853,SAMN13441044,Metagenome or environmental,3741131,UNIVERSITY OF BOLOGNA,not available,public,"sra,fastq,run.zq","s3,gs,ncbi","ncbi.public,gs.us-east1,s3.us-east-1",SRX7253905,Italy,Europe,Italy:Bologna,Homo sapiens,BE4PRE,Illumina MiSeq,human feces,human gut,missing,BE4PRE,SINGLE,PCR,GENOMIC,human gut metagenome,ILLUMINA,2019-12-03T00:00:00Z,2019-12-02T17:03:00Z,1,BE4PRE,metagenomic assembly,SRP234378
SRR10572476,WGA,456,10128790,PRJNA592853,SAMN13441043,Metagenome or environmental,6725046,UNIVERSITY OF BOLOGNA,not available,public,"sra,run.zq,fastq","gs,s3,ncbi","ncbi.public,gs.us-east1,s3.us-east-1",SRX7253904,Italy,Europe,Italy:Bologna,Homo sapiens,BE4P47,Illumina MiSeq,human feces,human gut,missing,BE4P47,SINGLE,PCR,GENOMIC,human gut metagenome,ILLUMINA,2019-12-03T00:00:00Z,2019-12-02T17:03:00Z,1,BE4P47,metagenomic assembly,SRP234378
SRR10572477,WGA,453,3649047,PRJNA592853,SAMN13441042,Metagenome or environmental,2434089,UNIVERSITY OF BOLOGNA,not available,public,"run.zq,sra,fastq","gs,s3,ncbi","gs.us-east1,ncbi.public,s3.us-east-1",SRX7253903,Italy,Europe,Italy:Bologna,Homo sapiens,BE4P41,Illumina MiSeq,human feces,human gut,missing,BE4P41,SINGLE,PCR,GENOMIC,human gut metagenome,ILLUMINA,2019-12-03T00:00:00Z,2019-12-02T17:03:00Z,1,BE4P41,metagenomic assembly,SRP234378
SRR10572478,WGA,455,2339114,PRJNA592853,SAMN13441041,Metagenome or environmental,1612171,UNIVERSITY OF BOLOGNA,not available,public,"fastq,sra,run.zq","s3,gs,ncbi","s3.us-east-1,gs.us-east1,ncbi.public",SRX7253902,Italy,Europe,Italy:Bologna,Homo sapiens,BE4P32,Illumina MiSeq,human feces,human gut,missing,BE4P32,SINGLE,PCR,GENOMIC,human gut metagenome,ILLUMINA,2019-12-03T00:00:00Z,2019-12-02T17:03:00Z,1,BE4P32,metagenomic assembly,SRP234378
SRR10572479,WGA,458,13414068,PRJNA592853,SAMN13441040,Metagenome or environmental,8533460,UNIVERSITY OF BOLOGNA,not available,public,"run.zq,sra,fastq","ncbi,gs,s3","s3.us-east-1,gs.us-east1,ncbi.public",SRX7253901,Italy,Europe,Italy:Bologna,Homo sapiens,BE4P27,Illumina MiSeq,human feces,human gut,missing,BE4P27,SINGLE,PCR,GENOMIC,human gut metagenome,ILLUMINA,2019-12-03T00:00:00Z,2019-12-02T17:03:00Z,1,BE4P27,metagenomic assembly,SRP234378
SRR10572480,WGA,463,13505016,PRJNA592853,SAMN13441039,Metagenome or environmental,8495523,UNIVERSITY OF BOLOGNA,not available,public,"run.zq,fastq,sra","s3,gs,ncbi","ncbi.public,s3.us-east-1,gs.us-east1",SRX7253900,Italy,Europe,Italy:Bologna,Homo sapiens,BE4P26,Illumina MiSeq,human feces,human gut,missing,BE4P26,SINGLE,PCR,GENOMIC,human gut metagenome,ILLUMINA,2019-12-05T00:00:00Z,2019-12-02T17:03:00Z,1,BE4P26,metagenomic assembly,SRP234378
SRR10572481,WGA,447,10388051,PRJNA592853,SAMN13441038,Metagenome or environmental,6763653,UNIVERSITY OF BOLOGNA,not available,public,"fastq,sra,run.zq","s3,gs,ncbi","s3.us-east-1,ncbi.public,gs.us-east1",SRX7253899,Italy,Europe,Italy:Bologna,Homo sapiens,BE4P24,Illumina MiSeq,human feces,human gut,missing,BE4P24,SINGLE,PCR,GENOMIC,human gut metagenome,ILLUMINA,2019-12-03T00:00:00Z,2019-12-02T17:03:00Z,1,BE4P24,metagenomic assembly,SRP234378
SRR10572482,WGA,445,13208319,PRJNA592853,SAMN13441037,Metagenome or environmental,8561541,UNIVERSITY OF BOLOGNA,not available,public,"sra,run.zq,fastq","s3,ncbi,gs","gs.us-east1,s3.us-east-1,ncbi.public",SRX7253898,Italy,Europe,Italy:Bologna,Homo sapiens,BE3PRE,Illumina MiSeq,human feces,human gut,missing,BE3PRE,SINGLE,PCR,GENOMIC,human gut metagenome,ILLUMINA,2019-12-03T00:00:00Z,2019-12-02T17:03:00Z,1,BE3PRE,metagenomic assembly,SRP234378
SRR10572483,WGA,446,10464689,PRJNA592853,SAMN13441019,Metagenome or environmental,6648154,UNIVERSITY OF BOLOGNA,not available,public,"sra,run.zq,fastq","gs,s3,ncbi","gs.us-east1,ncbi.public,s3.us-east-1",SRX7253897,Italy,Europe,Italy:Bologna,Homo sapiens,BE10P40,Illumina MiSeq,human feces,human gut,missing,BE10P40,SINGLE,PCR,GENOMIC,human gut metagenome,ILLUMINA,2019-12-03T00:00:00Z,2019-12-02T17:03:00Z,1,BE10P40,metagenomic assembly,SRP234378
SRR10572484,WGA,464,13581096,PRJNA592853,SAMN13441036,Metagenome or environmental,8679165,UNIVERSITY OF BOLOGNA,not available,public,"run.zq,sra,fastq","s3,gs,ncbi","gs.us-east1,s3.us-east-1,ncbi.public",SRX7253896,Italy,Europe,Italy:Bologna,Homo sapiens,BE3P63,Illumina MiSeq,human feces,human gut,missing,BE3P63,SINGLE,PCR,GENOMIC,human gut metagenome,ILLUMINA,2019-12-03T00:00:00Z,2019-12-02T17:03:00Z,1,BE3P63,metagenomic assembly,SRP234378
SRR10572485,WGA,461,13658964,PRJNA592853,SAMN13441035,Metagenome or environmental,8497334,UNIVERSITY OF BOLOGNA,not available,public,"run.zq,fastq,sra","s3,gs,ncbi","gs.us-east1,s3.us-east-1,ncbi.public",SRX7253895,Italy,Europe,Italy:Bologna,Homo sapiens,BE3P58,Illumina MiSeq,human feces,human gut,missing,BE3P58,SINGLE,PCR,GENOMIC,human gut metagenome,ILLUMINA,2019-12-03T00:00:00Z,2019-12-02T17:03:00Z,1,BE3P58,metagenomic assembly,SRP234378
SRR10572486,WGA,455,13477679,PRJNA592853,SAMN13441034,Metagenome or environmental,8414170,UNIVERSITY OF BOLOGNA,not available,public,"run.zq,sra,fastq","ncbi,s3,gs","s3.us-east-1,gs.us-east1,ncbi.public",SRX7253894,Italy,Europe,Italy:Bologna,Homo sapiens,BE3P52,Illumina MiSeq,human feces,human gut,missing,BE3P52,SINGLE,PCR,GENOMIC,human gut metagenome,ILLUMINA,2019-12-03T00:00:00Z,2019-12-02T17:03:00Z,1,BE3P52,metagenomic assembly,SRP234378
SRR10572487,WGA,454,13490104,PRJNA592853,SAMN13441033,Metagenome or environmental,8277001,UNIVERSITY OF BOLOGNA,not available,public,"fastq,run.zq,sra","gs,ncbi,s3","ncbi.public,s3.us-east-1,gs.us-east1",SRX7253893,Italy,Europe,Italy:Bologna,Homo sapiens,BE3P26,Illumina MiSeq,human feces,human gut,missing,BE3P26,SINGLE,PCR,GENOMIC,human gut metagenome,ILLUMINA,2019-12-03T00:00:00Z,2019-12-02T17:03:00Z,1,BE3P26,metagenomic assembly,SRP234378
SRR10572488,WGA,458,8128398,PRJNA592853,SAMN13441032,Metagenome or environmental,5216812,UNIVERSITY OF BOLOGNA,not available,public,"run.zq,sra,fastq","s3,gs,ncbi","ncbi.public,s3.us-east-1,gs.us-east1",SRX7253892,Italy,Europe,Italy:Bologna,Homo sapiens,BE3P20,Illumina MiSeq,human feces,human gut,missing,BE3P20,SINGLE,PCR,GENOMIC,human gut metagenome,ILLUMINA,2019-12-03T00:00:00Z,2019-12-02T17:03:00Z,1,BE3P20,metagenomic assembly,SRP234378
SRR10572491,WGA,449,7778391,PRJNA592853,SAMN13441029,Metagenome or environmental,5064147,UNIVERSITY OF BOLOGNA,not available,public,"fastq,sra,run.zq","ncbi,gs,s3","ncbi.public,gs.us-east1,s3.us-east-1",SRX7253889,Italy,Europe,Italy:Bologna,Homo sapiens,BE2P32,Illumina MiSeq,human feces,human gut,missing,BE2P32,SINGLE,PCR,GENOMIC,human gut metagenome,ILLUMINA,2019-12-03T00:00:00Z,2019-12-02T17:03:00Z,1,BE2P32,metagenomic assembly,SRP234378
SRR10572492,WGA,447,13285065,PRJNA592853,SAMN13441028,Metagenome or environmental,8521573,UNIVERSITY OF BOLOGNA,not available,public,"sra,run.zq,fastq","gs,s3,ncbi","s3.us-east-1,ncbi.public,gs.us-east1",SRX7253888,Italy,Europe,Italy:Bologna,Homo sapiens,BE2P25,Illumina MiSeq,human feces,human gut,missing,BE2P25,SINGLE,PCR,GENOMIC,human gut metagenome,ILLUMINA,2019-12-03T00:00:00Z,2019-12-02T17:03:00Z,1,BE2P25,metagenomic assembly,SRP234378
SRR10572495,WGA,460,5553163,PRJNA592853,SAMN13441118,Metagenome or environmental,3690502,UNIVERSITY OF BOLOGNA,not available,public,"sra,run.zq,fastq","ncbi,s3,gs","gs.us-east1,s3.us-east-1,ncbi.public",SRX7253885,Italy,Europe,Italy:Bologna,Homo sapiens,BP9P26,Illumina MiSeq,human feces,human gut,missing,BP9P26,SINGLE,PCR,GENOMIC,human gut metagenome,ILLUMINA,2019-12-03T00:00:00Z,2019-12-02T17:03:00Z,1,BP9P26,metagenomic assembly,SRP234378
SRR10572496,WGA,446,4737413,PRJNA592853,SAMN13441117,Metagenome or environmental,2988447,UNIVERSITY OF BOLOGNA,not available,public,"sra,fastq,run.zq","s3,ncbi,gs","gs.us-east1,ncbi.public,s3.us-east-1",SRX7253884,Italy,Europe,Italy:Bologna,Homo sapiens,BP9P23,Illumina MiSeq,human feces,human gut,missing,BP9P23,SINGLE,PCR,GENOMIC,human gut metagenome,ILLUMINA,2019-12-03T00:00:00Z,2019-12-02T17:03:00Z,1,BP9P23,metagenomic assembly,SRP234378
SRR10572497,WGA,452,13469171,PRJNA592853,SAMN13441027,Metagenome or environmental,8447141,UNIVERSITY OF BOLOGNA,not available,public,"fastq,sra,run.zq","s3,ncbi,gs","s3.us-east-1,gs.us-east1,ncbi.public",SRX7253883,Italy,Europe,Italy:Bologna,Homo sapiens,BE2P14,Illumina MiSeq,human feces,human gut,missing,BE2P14,SINGLE,PCR,GENOMIC,human gut metagenome,ILLUMINA,2019-12-03T00:00:00Z,2019-12-02T17:03:00Z,1,BE2P14,metagenomic assembly,SRP234378
SRR10572498,WGA,453,13296724,PRJNA592853,SAMN13441018,Metagenome or environmental,8605424,UNIVERSITY OF BOLOGNA,not available,public,"fastq,sra,run.zq","gs,s3,ncbi","gs.us-east1,s3.us-east-1,ncbi.public",SRX7253882,Italy,Europe,Italy:Bologna,Homo sapiens,BE10P32,Illumina MiSeq,human feces,human gut,missing,BE10P32,SINGLE,PCR,GENOMIC,human gut metagenome,ILLUMINA,2019-12-03T00:00:00Z,2019-12-02T17:03:00Z,1,BE10P32,metagenomic assembly,SRP234378
